Gender,Age,City,Job_Title,Income,Housing,Groceries,Leisure,Entertainment,Transportation,Insurance,Medical,Utilities
F,48,Kochi,Production Engineer,35675,15472,3251,2200,1102,3500,849,839,4394
F,18,Mumbai,Accountant,45627,20308,1946,6561,1389,4299,1150,974,4804
M,25,Patna,Plumber,25155,9343,1520,3434,1154,3604,889,826,4046
M,21,Kochi,Doctor,68599,22536,4151,2182,2251,3086,604,752,3272
M,40,Patna,Data Analyst,65827,22669,1379,4468,1285,3947,986,1131,4170
M,42,Lucknow,Teaching faculty,36326,11658,3263,1988,1314,2540,867,689,4260
M,59,Mumbai,Clerk,30642,12343,2579,4713,1273,4784,815,732,3065
F,34,Raipur,Production Engineer,40230,18819,1295,1856,1276,2866,617,628,2160
F,33,Chennai,Production Engineer,66515,32365,1362,4533,852,3402,739,820,3954
F,28,Chennai,Data Analyst,69950,31443,1347,4398,927,3063,694,759,3806
M,29,Chennai,Software Developer,44881,11845,1360,4425,936,3914,683,921,3594
M,27,Bangalore,Teaching faculty,30027,12023,1356,4135,1417,3914,1526,828,3927
F,32,Kolkata,Data Analyst,93698,28254,5604,1939,1697,2114,821,1103,4968
F,60,Raipur,Pharmacist,25130,11870,1498,2282,1318,2774,723,863,2131
M,41,Kochi,Plumber,29486,12776,5700,2139,1770,3025,889,408,2080
M,43,Lucknow,Plumber,25646,10585,4234,1033,930,2863,764,621,4588
F,45,Delhi,Teaching faculty,38187,18116,1206,4117,1850,3976,824,1152,5887
M,40,Bangalore,Data Analyst,77705,16503,1993,3554,1444,3672,1530,848,3531
F,20,Chennai,Architect,70291,25278,1436,4570,841,3811,702,978,3682
M,35,Chennai,Production Engineer,66293,16384,1383,4509,953,3203,793,731,3941
M,58,Kochi,Data Analyst,38709,25231,2879,2458,2400,3322,780,401,1150
M,43,Mumbai,Accountant,84295,40087,1609,6983,1498,4049,845,943,4888
M,20,Kochi,Business,35073,18304,3259,2342,1057,3255,510,929,2918
M,42,Hyderabad,Pharmacist,28879,10051,4545,2339,1549,3046,987,1327,3035
M,28,Lucknow,Production Engineer,35706,14855,3763,1500,1249,2932,919,826,4545
F,59,Bangalore,Teaching faculty,34232,12435,1978,3665,1252,3725,1156,787,3933
M,36,Chennai,Civil Engineer,44656,22956,1075,4550,893,3244,655,873,3674
M,59,Chennai,Plumber,23567,10454,1064,3089,980,3446,785,962,2345
F,28,Delhi,Clerk,28020,11456,1367,3564,1702,3801,917,915,3423
M,26,Delhi,Production Engineer,62232,25435,1116,3982,1696,3793,814,1003,5622
F,26,Patna,Data Analyst,54870,14838,1445,4237,1213,3765,907,1001,4151
F,50,Chennai,Clerk,23868,9875,1479,3243,950,3371,560,718,3588
F,53,Chennai,Pharmacist,26091,12356,1293,3309,971,3291,776,901,2855
F,22,Lucknow,Civil Engineer,28289,8329,4868,1113,1328,2988,866,614,4617
F,50,Bangalore,Business,46296,14472,1547,3634,1236,3590,1806,819,3594
F,28,Raipur,Data Analyst,39682,11240,1488,2158,1297,2507,780,729,2482
F,57,Chennai,Doctor,52801,17075,1032,4392,941,3480,623,961,3804
M,26,Patna,Plumber,25091,5986,1638,4209,1043,3947,917,791,4193
M,29,Bangalore,Production Engineer,36484,19643,1215,4138,1399,3449,1451,750,3506
F,43,Raipur,Software Developer,62521,19285,1179,2234,1430,2727,702,912,2415
M,27,Hyderabad,Architect,82653,26962,4585,2370,1903,3037,1404,1086,4564
F,54,Kolkata,Police,32505,12908,3637,1886,1852,2913,980,1046,4313
F,38,Kolkata,Data Analyst,97102,38254,1637,1826,1847,2061,968,1126,4754
M,25,Bangalore,Mechanic,28767,12345,1364,3775,1266,3308,1845,750,3948
M,60,Delhi,Mechanic,25443,11456,1008,2345,1623,3655,833,1131,3243
M,57,Raipur,Teaching faculty,28921,10920,1012,1837,1152,2865,707,731,1708
M,23,Delhi,Civil Engineer,35463,12060,1393,3838,1815,4109,867,844,5653
F,20,Raipur,Lawyer,48872,16986,1109,2222,1109,2513,717,894,2158
F,39,Mumbai,Clerk,27354,12321,2083,3123,1343,3421,952,965,3007
M,53,Kolkata,Mechanic,24211,10345,2782,1567,1582,2676,879,1158,2704
M,58,Delhi,Business,45363,23545,1205,4153,1634,4464,962,969,5971
F,18,Chennai,Software Developer,34777,18543,1029,4416,877,3518,656,969,3955
M,44,Delhi,Business,38582,21453,1142,4178,1922,3999,865,1058,3423
F,51,Patna,Data Analyst,70088,17179,1323,4234,1252,3842,680,731,4341
M,45,Kolkata,Civil Engineer,36187,20986,2505,1830,1986,2899,865,809,3289
M,53,Lucknow,Mechanic,25462,11345,1569,1116,1114,2642,639,695,3567
F,55,Delhi,Mechanic,26985,12434,1127,2908,1950,3098,952,896,3453
F,26,Hyderabad,Data Analyst,74157,31995,2257,2608,1952,3418,1025,1040,3497
F,27,Patna,Plumber,25646,10342,1602,3231,1420,3348,962,1076,3564
F,29,Hyderabad,Doctor,31989,13717,3552,2044,1990,3022,1267,1278,2871
F,18,Delhi,Accountant,37683,17933,1443,4015,1721,3646,861,938,5638
F,60,Patna,Plumber,26543,11242,1561,3833,1154,3152,876,835,3675
F,57,Lucknow,Mechanic,25453,11971,2315,1738,946,2796,839,639,3078
F,26,Patna,Pharmacist,30974,7350,1219,4358,1380,3755,772,867,3076
F,31,Raipur,Civil Engineer,39666,12402,1028,2007,1232,2987,741,500,2063
M,59,Kochi,Business,65653,24185,6194,2306,1313,3474,555,549,1131
F,46,Raipur,Lawyer,37978,20172,1256,2139,1440,2644,610,795,2050
F,37,Hyderabad,Plumber,27868,11434,3423,2465,1799,3305,1157,1079,3159
F,37,Hyderabad,Software Developer,61748,14330,5311,2216,1884,3205,804,1305,3451
F,45,Kochi,Doctor,51174,25376,4866,2480,2294,3443,791,972,4833
F,41,Chennai,Data Analyst,39694,25118,1189,3987,923,3409,580,763,3456
M,31,Lucknow,Data Analyst,47947,11157,1969,1886,978,2936,522,683,5113
M,57,Lucknow,Lawyer,27687,10339,2397,1458,827,2837,591,893,5012
F,53,Bangalore,Accountant,32086,14981,1517,3850,1317,3911,1365,873,3637
M,44,Raipur,Architect,62563,13363,1025,1919,1485,2853,727,843,2373
F,40,Kochi,Teaching faculty,36703,14841,7606,2154,1189,3323,581,752,2498
F,60,Chennai,Mechanic,24483,12435,1357,3241,912,3032,606,823,3076
F,53,Raipur,Civil Engineer,35354,20024,1249,2037,1457,2842,685,871,2243
M,19,Mumbai,Lawyer,42022,19178,1939,6727,1457,3979,836,725,4793
F,40,Chennai,Production Engineer,29895,12171,1347,4487,940,3446,686,952,3655
M,56,Hyderabad,Police,36607,17857,5686,2089,1800,3343,982,1441,2987
M,31,Patna,Doctor,50536,12025,1383,4405,1280,3859,698,1033,4440
M,52,Chennai,Civil Engineer,30965,15643,1030,3764,936,3899,737,754,3528
M,54,Kolkata,Accountant,45352,26543,4812,1849,1721,2491,888,1500,4823
M,29,Patna,Production Engineer,41689,8502,1357,4320,1288,3821,818,773,4115
F,46,Raipur,Plumber,23459,11232,1149,1791,1370,2890,769,836,1854
M,39,Raipur,Accountant,35203,9850,1200,1899,1015,2547,772,954,2009
F,29,Kolkata,Police,38963,17646,2888,1888,1745,2256,808,1410,4124
M,21,Mumbai,Doctor,78546,34535,2385,6575,1386,3896,1032,627,4928
F,31,Bangalore,Mechanic,27757,12675,1376,2874,1412,3363,1176,893,3091
F,53,Mumbai,Accountant,42222,20342,2524,5463,1415,4005,1094,663,4577
F,34,Bangalore,Plumber,27654,12342,1028,3742,1444,3587,1828,882,3840
F,42,Chennai,Production Engineer,58997,16292,1207,4313,909,3418,523,754,3694
F,48,Delhi,Teaching faculty,45645,18764,1169,3946,1705,3747,852,1179,5703
M,22,Mumbai,Civil Engineer,45353,14225,2372,3552,1236,4177,914,949,3213
F,48,Kochi,Data Analyst,75342,35432,4097,2168,1106,5421,1315,1234,6542
M,23,Chennai,Lawyer,51727,15634,1246,4556,820,3847,714,887,3708
M,39,Hyderabad,Clerk,27853,11232,3421,2010,1953,3326,878,1258,3430
F,45,Mumbai,Police,45324,18546,2958,6600,1302,3928,981,857,4587
M,35,Delhi,Plumber,25646,11231,1216,3960,1897,3001,995,876,3098
F,27,Raipur,Doctor,26127,14978,1048,1750,1016,2795,704,681,1868
F,50,Patna,Production Engineer,35421,14029,1511,3843,1321,3597,933,1098,4459
F,30,Chennai,Civil Engineer,41231,16041,1315,4386,843,3040,796,950,3957
M,39,Lucknow,Civil Engineer,30952,13849,3817,1310,1398,2727,760,889,5239
F,22,Hyderabad,Doctor,65852,26780,4535,5434,1617,3039,814,1397,6535
M,23,Kochi,Accountant,39757,16366,2712,2314,1970,3028,641,963,3143
F,18,Chennai,Mechanic,25643,11232,1154,4587,898,3967,648,985,3733
M,44,Hyderabad,Accountant,34234,10942,2347,2631,1865,3201,1315,1388,2995
F,29,Hyderabad,Pharmacist,34242,15634,4409,2104,1577,3242,986,1201,2654
M,32,Kolkata,Mechanic,24353,11232,5117,1505,1839,2895,938,947,1673
M,28,Chennai,Accountant,43123,22136,1310,4374,830,3451,610,733,3782
M,57,Raipur,Civil Engineer,32423,17201,1093,2070,1072,2519,739,553,1736
M,59,Kolkata,Lawyer,39117,17164,3531,1907,1726,2117,814,1442,1693
M,55,Delhi,Mechanic,25432,11212,1359,3252,1919,3546,953,1190,3212
M,50,Kochi,Clerk,26753,12345,3242,2331,2479,3105,606,882,3213
M,27,Mumbai,Civil Engineer,41575,20875,1945,6619,1276,4281,927,997,4532
M,25,Hyderabad,Accountant,41566,21345,4416,2548,1966,3041,1492,1142,2878
M,37,Raipur,Data Analyst,74448,16256,1215,2098,1373,2570,717,865,2372
F,32,Chennai,Plumber,25678,12345,1239,3452,872,3529,573,812,3544
M,19,Kolkata,Pharmacist,32451,12345,2710,1545,1747,2136,957,893,4441
F,35,Kolkata,Architect,86981,34342,4748,6564,3432,2223,930,979,6564
F,23,Raipur,Business,42252,13579,1171,1716,1406,2744,602,882,1892
F,54,Kochi,Accountant,35424,21618,2457,2183,1275,3112,661,698,3361
M,46,Kochi,Doctor,48795,15583,7043,2116,1965,3114,723,659,2829
M,41,Chennai,Police,35694,15431,1178,4332,849,3443,564,730,3923
M,39,Bangalore,Police,30852,15339,1689,3713,1249,3500,1000,774,3500
M,44,Mumbai,Teaching faculty,40031,19675,2488,6212,1224,4246,1029,662,3124
F,47,Raipur,Pharmacist,21561,10276,1376,1762,1187,2909,691,539,2415
M,26,Raipur,Production Engineer,53912,18947,1263,1833,1310,2747,616,658,2271
F,53,Bangalore,Plumber,26542,12321,1232,3123,1450,3869,1065,751,3507
F,52,Hyderabad,Civil Engineer,42384,10029,4807,2798,1570,3472,1382,1387,2501
M,26,Hyderabad,Police,30757,12542,3110,2448,1870,3319,1271,1500,3167
F,29,Chennai,Pharmacist,27896,12345,1145,4355,988,3981,731,938,3324
F,38,Delhi,Mechanic,26531,11213,1066,3242,1858,3837,882,918,3213
M,52,Mumbai,Doctor,64687,31515,2134,6146,1447,4806,1042,832,4521
M,19,Bangalore,Production Engineer,41563,21342,1189,3939,1236,3684,1086,876,3640
F,59,Lucknow,Accountant,45313,21205,2112,1873,1459,2783,847,720,4162
M,58,Patna,Data Analyst,60854,18954,1220,4280,1068,3046,712,994,4024
F,32,Hyderabad,Plumber,29221,13213,2878,2491,1678,3205,808,1284,2874
F,25,Mumbai,Doctor,76535,34234,2442,6331,1354,4696,889,1232,4984
M,44,Raipur,Architect,49525,23260,1296,2163,1108,2512,616,566,2235
F,29,Delhi,Lawyer,45349,20156,1324,3809,1955,3581,842,800,5725
M,21,Kolkata,Business,72036,24242,2018,1983,1706,2277,927,1225,5453
F,59,Kochi,Architect,64580,26874,1856,2330,1101,3308,753,727,4375
M,28,Patna,Data Analyst,85123,34553,1339,3911,1349,3832,757,708,4468
F,33,Patna,Police,38753,22404,1223,3899,1033,3049,904,650,4148
M,34,Delhi,Teaching faculty,40785,21424,1249,4285,1911,4480,908,1156,3213
M,24,Kolkata,Business,53437,29395,4562,1511,1503,2565,863,917,4730
F,46,Lucknow,Architect,84306,43422,3773,1164,801,2573,665,825,4490
F,57,Delhi,Data Analyst,92132,43232,4345,3867,1792,4065,891,934,5781
F,31,Mumbai,Accountant,65341,35424,2683,6045,1450,3721,1147,957,4624
F,58,Hyderabad,Plumber,25431,9432,3017,2535,1784,3051,1463,1164,2647
F,59,Kochi,Business,77284,34343,4655,2064,1851,3416,831,909,1681
M,38,Delhi,Pharmacist,35431,15432,1494,3906,1892,3935,988,1066,5603
M,47,Raipur,Production Engineer,59435,23231,1275,2407,1297,2687,714,922,2406
F,32,Raipur,Plumber,26532,11591,1542,2246,1051,2894,776,761,2255
M,26,Delhi,Software Developer,56452,13289,1453,4140,1629,4128,930,1056,5986
F,28,Chennai,Civil Engineer,32122,13066,1293,4380,903,3396,707,845,3603
M,60,Kolkata,Lawyer,41691,17310,4925,1672,1610,2152,987,996,2459
F,40,Delhi,Police,39076,17157,1297,4075,1603,4170,854,986,5912
M,47,Mumbai,Data Analyst,57231,23422,2681,6401,1307,3733,807,700,4978
F,43,Kolkata,Software Developer,37592,20040,2152,1952,1936,2902,824,1253,2928
F,54,Lucknow,Pharmacist,32423,11561,4484,1179,1043,2910,608,618,4221
F,58,Kolkata,Clerk,29478,12342,3804,1991,1820,2334,817,1190,4370
M,26,Mumbai,Mechanic,27653,12345,1800,3212,1325,3121,1145,666,3241
F,58,Chennai,Accountant,43267,25824,1036,4331,921,3325,552,982,3823
M,28,Mumbai,Architect,51932,32134,1548,6296,1241,4320,858,945,4567
M,47,Mumbai,Accountant,32526,14231,2552,3456,1353,3763,1007,919,4636
M,40,Kolkata,Mechanic,25642,13456,3242,1632,1795,2096,824,1080,3123
F,35,Mumbai,Software Developer,36161,12240,2071,6922,1484,4554,1106,750,4671
M,36,Hyderabad,Clerk,28754,12764,3985,2612,1624,3330,834,1439,2529
F,21,Mumbai,Teaching faculty,48753,24342,1914,6503,1400,4814,892,752,4792
M,44,Patna,Business,62361,21294,1496,4394,1377,3163,830,1173,4126
F,40,Chennai,Doctor,65613,28054,1481,4502,955,3810,743,704,3654
M,19,Hyderabad,Plumber,27863,12324,3213,2363,1833,3413,1202,1450,3378
F,48,Chennai,Architect,53841,13028,1446,4438,827,3087,667,956,3527
F,45,Mumbai,Accountant,54342,23242,2080,6600,1265,3805,899,946,4618
M,42,Kolkata,Plumber,26754,13425,1817,1957,1886,2614,813,1184,2429
F,58,Delhi,Doctor,65635,34324,1475,3962,1622,3713,942,865,5851
M,18,Hyderabad,Teaching faculty,36876,20448,3195,2722,1597,3212,1063,1198,3242
F,27,Kolkata,Data Analyst,102312,45352,6542,4532,2313,4352,946,1249,6532
M,44,Chennai,Accountant,40591,9867,1272,4320,829,3105,741,718,3987
M,33,Hyderabad,Software Developer,43969,25982,2363,2524,1576,3178,1356,1256,2607
M,34,Chennai,Police,45323,24486,1450,4389,934,3506,539,782,3779
F,41,Chennai,Clerk,31978,14535,1129,4434,942,3222,609,892,3734
M,29,Lucknow,Mechanic,26742,12453,2438,1723,977,2541,544,647,4094
M,24,Lucknow,Data Analyst,56648,11393,1038,1438,1315,2910,598,815,4885
F,56,Mumbai,Teaching faculty,45342,25453,2007,4462,1448,4850,863,776,4640
F,39,Raipur,Software Developer,52272,11285,1163,1756,1076,2841,716,712,1898
F,38,Lucknow,Pharmacist,28964,13440,1129,1383,1221,2733,825,770,5155
M,56,Kochi,Pharmacist,34242,15443,1920,2146,2014,3303,760,967,4257
M,58,Bangalore,Police,33833,18563,1186,3823,1428,3203,1787,773,3825
F,28,Bangalore,Police,40935,23543,1830,3189,1463,3778,1200,878,3990
F,60,Bangalore,Business,64847,27685,1427,3832,1274,3876,1037,764,3764
F,22,Raipur,Data Analyst,70626,22295,1308,2332,1450,2860,793,730,2186
M,18,Patna,Doctor,72515,34532,1476,4339,1152,3806,653,884,4233
M,27,Chennai,Business,66457,28611,1363,4331,863,3404,625,854,3502
F,49,Kochi,Production Engineer,42342,14389,7913,2302,2314,3091,818,880,3776
F,47,Kolkata,Civil Engineer,36757,14609,4467,1550,1865,2195,824,1393,4494
M,46,Chennai,Production Engineer,56254,22984,1143,4357,914,3794,724,733,3501
F,52,Hyderabad,Architect,39734,23655,3571,2643,1727,3131,1094,1483,3295
M,36,Bangalore,Production Engineer,69991,27100,1901,4039,1453,3077,1945,816,3636
M,36,Hyderabad,Pharmacist,35453,19756,2532,2595,1905,3068,899,1104,3224
F,38,Delhi,Accountant,41294,23243,1294,4207,1904,3618,850,859,5837
M,19,Patna,Mechanic,26757,9706,1250,4499,1273,3824,890,1052,4021
M,60,Hyderabad,Architect,87213,45353,4884,2653,1998,3440,1299,1476,3466
M,53,Delhi,Accountant,43242,21344,1299,4103,1957,3508,933,804,5748
M,48,Patna,Plumber,25867,8111,1281,4407,1270,3686,744,720,4415
F,24,Raipur,Teaching faculty,43734,17169,1352,2099,1313,2786,743,945,2024
F,42,Kolkata,Police,35678,15685,3812,1634,1501,2246,854,859,4751
F,28,Hyderabad,Mechanic,28981,13622,3242,2675,1680,3106,1039,1442,2616
M,38,Kochi,Doctor,44633,25083,4455,2381,2340,3279,635,921,2169
M,43,Chennai,Software Developer,57910,15779,1054,4437,883,3622,723,942,3508
F,60,Hyderabad,Teaching faculty,45535,23434,3619,1995,1969,3361,1159,1396,2936
F,22,Hyderabad,Architect,63199,19686,3129,2335,1968,3129,1164,1127,2966
M,21,Patna,Mechanic,27878,14065,1541,3835,1161,2897,688,1057,3234
M,20,Mumbai,Lawyer,56568,32452,2158,6308,1398,3820,830,640,4734
M,60,Mumbai,Pharmacist,48675,27646,2023,6842,1239,4196,993,641,4869
M,34,Chennai,Civil Engineer,43957,21076,1170,4373,889,3308,596,778,3508
M,18,Patna,Civil Engineer,24990,7356,1515,4265,1417,3314,981,1161,4157
M,36,Bangalore,Business,63636,21381,1378,3670,1418,3550,1270,769,3926
M,26,Chennai,Doctor,62035,23381,1347,4523,946,3661,543,768,3825
M,39,Chennai,Lawyer,51353,24338,1067,4377,965,3515,759,716,3704
F,49,Raipur,Production Engineer,58932,16362,1564,1742,1076,2851,672,813,2417
F,26,Bangalore,Clerk,32356,13434,1729,3672,1495,3140,1421,899,3776
F,55,Chennai,Pharmacist,46535,14330,1290,4462,943,3028,522,729,3941
F,46,Bangalore,Data Analyst,46373,30989,1831,3531,1382,3024,1135,868,3582
M,41,Chennai,Business,40126,25657,1227,4424,840,3194,602,940,3578
F,20,Patna,Doctor,60765,15690,1309,3850,1394,3950,928,758,4390
M,50,Bangalore,Lawyer,56789,25453,1823,3947,1318,3757,1480,863,3545
F,50,Mumbai,Civil Engineer,43434,24342,1547,6454,1204,3616,1139,842,4794
F,34,Kolkata,Lawyer,48024,24796,3775,1608,1949,2610,956,781,4011
F,44,Kolkata,Civil Engineer,56757,30986,4172,1844,1849,2548,912,774,4368
M,57,Kolkata,Architect,45983,22003,2190,1784,1793,2970,878,1238,4012
F,21,Hyderabad,Production Engineer,69703,33821,5824,2124,1712,3088,800,1095,2788
F,41,Mumbai,Architect,53434,30886,2411,6526,1204,3670,935,989,4683
M,44,Lucknow,Accountant,44791,20949,3752,1684,953,2715,876,819,4963
F,34,Delhi,Clerk,29885,8897,1487,3889,1747,3889,806,800,5930
M,32,Lucknow,Civil Engineer,34601,13047,4521,1344,1225,2723,818,838,4508
F,25,Lucknow,Pharmacist,34535,13961,2852,1720,1166,2712,715,914,4434
F,26,Hyderabad,Architect,82474,34534,3551,2279,1755,3120,914,1393,3065
F,37,Chennai,Data Analyst,70056,36757,1078,4516,967,3471,621,910,6756
F,22,Bangalore,Plumber,29274,12121,1954,3903,1212,3769,1410,822,3684
M,20,Lucknow,Architect,108762,22513,3852,1807,1194,2949,858,902,4559
M,28,Kochi,Police,28467,12434,2791,2045,2179,3364,716,497,3970
M,59,Kolkata,Pharmacist,34635,18545,3666,1834,1920,2422,817,1023,2142
F,25,Kolkata,Lawyer,43136,22404,2031,1835,1710,2072,812,983,4311
F,48,Hyderabad,Doctor,39501,23588,3585,2729,1777,3378,1174,1302,3276
F,59,Chennai,Software Developer,28731,11236,1268,4519,852,3932,771,848,3902
F,21,Kochi,Data Analyst,41919,15077,2188,2129,2352,3231,623,479,3531
F,45,Mumbai,Doctor,64498,31242,2001,6635,1450,3886,1137,600,4801
F,33,Bangalore,Mechanic,28455,12434,1666,3846,1369,3173,1126,779,3894
M,31,Kochi,Business,50123,26283,1944,2048,1349,3380,859,358,2598
M,55,Mumbai,Production Engineer,54543,32342,2206,6936,1247,4244,1058,871,4789
F,26,Kochi,Lawyer,39326,20746,3900,2353,1498,3183,728,838,3623
F,20,Raipur,Lawyer,38100,21166,1548,1799,1313,2873,622,849,2465
F,22,Raipur,Production Engineer,53772,19765,1203,2363,1472,2502,602,500,1889
F,51,Delhi,Business,51991,29295,1292,4103,1607,4244,893,1120,5694
M,52,Bangalore,Teaching faculty,41223,23434,1674,3560,1291,3769,1177,781,3857
M,53,Delhi,Business,66466,18009,1054,3837,1616,3691,980,1178,5656
F,47,Kochi,Data Analyst,102888,45656,6564,5453,1397,3325,769,837,3341
M,48,Raipur,Plumber,26564,14545,1309,2435,1126,2581,730,923,2479
F,25,Hyderabad,Plumber,26756,12104,3442,1984,1798,3171,897,1381,2565
M,27,Raipur,Plumber,26543,13672,1540,2454,1426,2972,784,574,2135
M,52,Kochi,Plumber,28987,13231,4711,2120,1579,3111,847,423,1643
F,23,Lucknow,Production Engineer,43182,24805,2719,1507,1392,2979,877,949,4686
F,24,Chennai,Clerk,29867,13454,1097,4484,851,3285,597,904,3548
F,20,Kolkata,Plumber,29877,12342,2649,1734,1898,2044,996,1146,4819
M,27,Raipur,Doctor,76756,43232,4545,2484,1403,2880,734,749,6564
M,33,Mumbai,Architect,78686,32143,1884,6574,1236,4044,858,867,4544
F,31,Chennai,Clerk,28753,13541,1484,4303,849,3700,724,860,3686
M,20,Bangalore,Production Engineer,33712,14127,1612,3707,1346,3077,1812,757,3634
F,59,Kochi,Pharmacist,35454,16767,6763,2040,2300,3116,728,676,2875
F,40,Patna,Mechanic,27675,13025,1630,3943,1214,3242,967,1128,3000
M,21,Kolkata,Mechanic,29483,14869,3123,1713,1863,2828,944,1302,3243
F,51,Raipur,Doctor,45520,12718,1530,2062,1282,2581,702,720,1921
F,55,Chennai,Lawyer,28340,10033,1206,4399,871,3228,511,760,3705
M,48,Raipur,Business,62302,23108,1146,1835,1005,2582,657,731,2490
M,18,Kolkata,Data Analyst,98785,43434,6564,5454,2131,3232,940,872,6564
M,34,Kolkata,Software Developer,77514,34535,2720,1981,1700,2670,838,1401,4429
M,52,Kochi,Production Engineer,49467,24570,3351,2272,1795,3456,830,951,3715
M,59,Patna,Accountant,45453,20815,1429,4226,1427,3526,741,1131,4421
F,33,Mumbai,Lawyer,56454,34234,1549,6033,1242,4874,820,999,4635
F,39,Raipur,Data Analyst,87342,35353,5453,6564,3434,3434,679,748,6554
M,55,Patna,Civil Engineer,47371,16048,1576,4122,1035,3311,885,866,4293
M,54,Kolkata,Mechanic,27564,11212,3020,1835,1501,2589,1000,1439,4475
M,32,Kochi,Software Developer,49922,22377,6621,2215,2303,3160,702,787,2967
F,39,Kochi,Data Analyst,42672,23944,2750,2212,1124,3019,765,638,1035
F,21,Raipur,Doctor,79754,32323,1263,1907,1499,2704,615,505,2437
F,26,Kolkata,Clerk,32132,11212,3916,1769,1526,2255,978,929,4925
F,41,Kolkata,Accountant,54535,17857,3928,1932,1945,2418,953,841,2183
M,18,Bangalore,Accountant,43535,14342,1651,4044,1377,3669,1164,766,3977
F,21,Kolkata,Business,54289,20868,3123,1950,1731,2406,925,942,4280
M,18,Chennai,Teaching faculty,42659,19346,1316,4397,962,3768,712,844,3984
M,30,Hyderabad,Doctor,67848,11601,5212,2786,1575,3461,1024,1214,2714
F,47,Patna,Police,34564,17283,1592,3847,1282,3908,731,1197,4434
F,55,Kolkata,Business,41287,24426,4439,1546,1685,2832,956,965,4982
F,55,Hyderabad,Data Analyst,103861,32428,3519,2231,1915,3009,963,1169,3283
M,23,Chennai,Architect,64005,12328,1163,4556,800,3111,657,718,3880
F,41,Kochi,Business,45523,17469,4697,2154,1985,3153,803,587,2049
M,30,Kochi,Pharmacist,45353,26948,6599,2063,1739,3341,546,359,3896
F,60,Patna,Pharmacist,28273,5308,1406,4052,1057,3358,885,753,4481
F,26,Raipur,Pharmacist,45352,18975,1252,1846,1421,2856,702,592,1796
F,32,Delhi,Clerk,27564,13243,1130,4132,1794,3535,830,831,2324
F,39,Mumbai,Software Developer,54342,21323,2384,6083,1224,4961,1025,712,4742
M,27,Patna,Pharmacist,49535,19587,1205,3819,1326,3140,630,1154,4141
F,41,Delhi,Doctor,62022,22315,1128,3943,1607,3933,997,940,5623
F,40,Mumbai,Software Developer,56464,23232,1547,6942,1494,4100,944,953,4636
F,36,Lucknow,Architect,65430,15780,3730,1750,913,2770,825,749,5112
F,27,Raipur,Business,36679,23784,1068,2266,1064,2843,770,605,2180
M,36,Raipur,Software Developer,53359,18687,1576,1798,1498,2537,799,730,1704
M,40,Chennai,Data Analyst,37671,9373,1342,4462,909,3922,787,754,3612
F,54,Chennai,Police,37051,18763,1111,4472,907,3072,766,779,3875
F,39,Delhi,Police,36759,15379,1005,3833,1688,3667,989,1016,5953
F,30,Mumbai,Data Analyst,107764,44621,1634,6845,1257,4489,848,846,4552
M,18,Patna,Clerk,31232,16534,1235,4139,1244,3213,993,761,4466
M,43,Raipur,Civil Engineer,42766,18896,1236,2410,1258,2859,639,541,1895
M,50,Chennai,Clerk,29768,13242,1407,4580,821,3013,744,747,3642
F,46,Delhi,Clerk,31232,13434,1330,4283,1819,3896,944,1023,3232
M,54,Chennai,Plumber,26564,10684,1317,4431,882,3545,606,979,3838
M,55,Raipur,Plumber,29897,11234,1545,1995,1481,2597,720,549,2006
F,48,Raipur,Accountant,28715,12061,1368,1742,1481,2628,700,786,2048
F,41,Mumbai,Business,60797,32407,2685,6172,1277,4897,1114,683,4743
M,56,Lucknow,Production Engineer,45990,19922,4661,1010,904,2891,731,668,5285
M,28,Chennai,Police,38650,16876,1221,4343,936,3161,598,902,3922
F,32,Raipur,Software Developer,38132,9342,1538,1842,1293,2900,744,870,2249
F,48,Chennai,Clerk,31232,13434,1179,4585,932,3738,740,941,3812
M,56,Lucknow,Architect,108241,43535,6546,5454,6564,2599,897,750,6564
F,54,Lucknow,Production Engineer,69152,18936,2806,1661,918,2712,536,999,4272
F,56,Bangalore,Civil Engineer,33549,18631,1118,3791,1414,3094,1917,843,3602
M,45,Raipur,Production Engineer,44017,18042,1228,2282,1390,2895,782,994,2404
M,37,Bangalore,Architect,97444,45354,1001,4053,1237,3376,1546,753,3741
F,53,Kolkata,Accountant,38975,21242,5679,1588,1746,2308,947,1013,4154
F,60,Mumbai,Doctor,65754,42160,2155,6789,1296,4723,1035,751,4834
M,55,Mumbai,Pharmacist,37868,16728,2034,6122,1312,3964,823,895,4688
F,23,Patna,Architect,111289,45674,6564,5675,1667,6756,836,775,4144
F,18,Mumbai,Mechanic,29434,12345,2979,2300,1350,3100,1149,926,4823
M,26,Hyderabad,Accountant,35434,17675,3970,2496,1727,3057,1091,1230,2884
F,38,Kochi,Pharmacist,35656,16211,4353,2147,2440,3052,843,671,3582
F,49,Patna,Data Analyst,87132,7658,1693,3967,1303,3098,625,928,4274
M,53,Lucknow,Software Developer,52140,8795,862,1235,927,2552,1000,744,4141
F,57,Kolkata,Police,37081,13342,3243,1671,1669,2331,896,1361,4589
F,22,Kolkata,Production Engineer,64493,25793,2418,1918,1514,2357,833,1143,4785
F,38,Patna,Civil Engineer,35453,18676,1469,3830,1152,3337,654,1059,4340
M,32,Mumbai,Police,48705,17674,1643,6739,1301,4825,896,942,4918
F,54,Raipur,Business,71425,34344,1170,2039,1194,2721,637,866,1888
M,52,Kolkata,Clerk,28432,12537,5180,1706,1604,2249,877,774,3920
M,59,Lucknow,Software Developer,79463,12797,4307,1087,1206,2993,807,937,5486
M,32,Hyderabad,Software Developer,38544,9580,4168,2382,1731,3159,957,1329,2865
M,49,Hyderabad,Software Developer,66521,25226,5522,2589,1524,3376,1187,1455,2503
M,57,Delhi,Data Analyst,117729,26643,1489,3924,1694,4156,945,1057,5927
F,42,Patna,Mechanic,30900,14375,1436,4221,1044,3867,924,705,4118
F,22,Hyderabad,Clerk,28035,10925,3603,2184,1883,3192,1189,1286,2947
M,52,Lucknow,Pharmacist,30161,10348,2195,1906,928,2814,569,690,5377
M,41,Delhi,Production Engineer,65248,22934,1334,4100,1855,3842,925,901,5811
F,24,Mumbai,Lawyer,43605,23220,2403,6288,1290,3940,894,645,4925
F,45,Kochi,Police,29419,16012,1741,2445,1012,3273,560,521,2547
F,43,Lucknow,Clerk,26000,10000,4233,1927,880,2512,944,797,4198
F,18,Raipur,Mechanic,29666,18851,1319,1793,1211,2185,667,900,2730
M,22,Delhi,Production Engineer,62279,28274,1309,3989,1760,3988,974,1133,5733
F,48,Mumbai,Civil Engineer,47983,26643,2629,6853,1300,4266,1154,922,4200
F,41,Kolkata,Doctor,48352,20933,3690,1901,1904,2013,833,976,2433
F,33,Mumbai,Pharmacist,30588,14012,1645,6170,1253,3241,943,700,2500
F,20,Raipur,Pharmacist,30088,16623,1010,2473,1393,2548,600,860,1793
F,18,Lucknow,Civil Engineer,34597,20753,1595,1683,1139,2742,938,812,3012
M,36,Mumbai,Teaching faculty,44236,20000,1690,6551,1305,4470,1127,714,4952
F,21,Kochi,Mechanic,29769,12528,4302,2472,1919,3484,783,802,2781
F,50,Bangalore,Production Engineer,37000,21820,1077,3573,1218,3542,1995,754,2954
M,46,Patna,Lawyer,32849,12834,1417,4335,1338,3125,861,1107,4028
M,31,Raipur,Clerk,29726,18416,1522,2114,1411,2934,790,857,1600
F,57,Raipur,Police,31794,20145,1473,2298,1241,2931,659,593,1963
M,18,Mumbai,Mechanic,34005,12619,2177,3214,1458,4872,1138,999,4867
F,34,Chennai,Accountant,39897,17037,1228,4421,989,3633,513,814,3685
M,60,Delhi,Software Developer,54372,26490,1364,3879,1824,3948,908,969,5608
M,60,Raipur,Production Engineer,52478,22937,1425,2254,1006,2818,793,598,2269
M,55,Lucknow,Clerk,25631,13685,3552,1207,808,2683,910,611,2092
M,51,Patna,Data Analyst,48891,22517,1358,3971,1466,3160,822,807,4287
M,29,Lucknow,Civil Engineer,35000,20290,2144,1618,1392,2727,683,703,2201
M,47,Raipur,Mechanic,25176,12100,1388,1758,1112,2998,781,810,1783
F,19,Hyderabad,Civil Engineer,28511,9089,2548,1964,1553,3445,1212,1312,3003
M,37,Raipur,Police,36363,9621,1457,2158,1388,2825,656,929,2463
F,51,Delhi,Data Analyst,96707,13638,1094,3917,1808,3730,917,1044,5972
M,49,Hyderabad,Architect,69411,17388,4118,2002,1904,3390,1065,1436,2787
M,27,Chennai,Data Analyst,117800,17314,1115,4466,864,3385,798,975,3941
M,24,Lucknow,Plumber,28450,12827,3077,1379,1471,2612,770,832,4671
F,45,Delhi,Architect,100954,17057,1034,4243,1871,3718,957,1105,5908
F,20,Patna,Architect,62317,15825,1473,3882,1115,3331,830,692,4139
F,30,Kolkata,Teaching faculty,44746,29789,3859,1885,1698,2777,982,1006,2175
F,26,Kolkata,Accountant,34375,18386,5918,1619,1709,2468,801,938,1747
M,55,Kolkata,Software Developer,43540,25617,2065,1959,1781,2118,950,1482,3038
M,43,Chennai,Pharmacist,39386,15677,1478,4594,997,3043,763,737,3648
M,36,Chennai,Plumber,25613,13426,1139,2500,825,2500,645,711,3365
M,23,Mumbai,Teaching faculty,35718,20200,2040,3102,1278,3530,1194,624,2007
M,49,Lucknow,Accountant,35125,17253,4941,1348,977,2625,537,609,4105
M,43,Kolkata,Pharmacist,32848,16374,3788,1843,1635,2835,855,1358,3259
F,46,Patna,Business,38069,6257,1500,3867,1145,3502,820,724,4050
F,25,Raipur,Civil Engineer,34561,22563,1538,2014,1176,2978,782,728,2432
F,56,Lucknow,Teaching faculty,39208,11782,3033,1475,1080,2682,989,854,3265
F,57,Patna,Architect,56517,6524,1418,4116,1209,3254,826,1195,4444
M,59,Chennai,Architect,69990,24263,1027,4527,836,3453,608,908,3943
F,28,Kochi,Business,44773,22654,8493,2006,2180,3046,559,888,3109
F,30,Bangalore,Accountant,33239,18064,1102,3717,1408,3433,1144,774,3440
F,53,Chennai,Lawyer,38125,21508,1287,4392,955,3106,759,820,3600
M,24,Mumbai,Software Developer,48565,22264,1972,6539,1451,4903,916,731,4608
M,41,Kochi,Accountant,41705,17591,1794,2495,1380,3113,601,634,3473
M,30,Hyderabad,Mechanic,33827,17338,3119,2770,1905,3171,1029,1133,2943
F,52,Chennai,Teaching faculty,30891,17188,1009,2532,917,3947,612,1000,3522
M,56,Patna,Clerk,29456,11687,1380,4264,1373,3355,922,767,4376
F,60,Lucknow,Doctor,64462,17189,4086,1394,1215,2682,724,974,4838
F,20,Patna,Software Developer,56277,13613,1582,3863,1381,3067,960,1171,4034
M,22,Kochi,Data Analyst,46312,18564,2941,2223,1889,3454,614,607,2647
M,18,Kolkata,Production Engineer,63401,12556,2099,1724,1664,2888,912,1314,4865
M,40,Mumbai,Accountant,35228,12422,1610,6610,1237,4778,964,616,4550
M,18,Mumbai,Plumber,27682,10255,1575,2350,1460,2811,832,949,2726
F,59,Chennai,Clerk,24393,12141,1016,2535,973,3047,583,913,2570
M,29,Delhi,Police,32364,15545,1333,4249,1764,3642,801,922,2885
M,59,Mumbai,Lawyer,37122,13245,1741,6736,1242,4555,850,651,4613
F,25,Patna,Clerk,26666,14002,1554,2460,1135,3276,718,869,2385
F,45,Mumbai,Doctor,46480,22980,2067,2558,1414,4670,1126,800,2530
F,45,Kolkata,Software Developer,42374,24586,4227,1744,1839,2254,897,851,3251
M,25,Lucknow,Data Analyst,48090,17266,2776,1809,1349,2541,633,823,4515
F,53,Delhi,Teaching faculty,37635,23162,1268,2595,1758,3625,867,855,2717
F,32,Kochi,Police,36529,15891,2560,2095,1890,3399,561,412,3116
M,42,Mumbai,Production Engineer,54406,30381,2964,6007,1400,3693,860,661,4944
F,38,Kolkata,Pharmacist,32221,18371,1990,1865,1652,2100,974,903,2586
M,50,Kolkata,Accountant,32751,15523,1828,1786,1987,2976,904,772,2507
F,53,Lucknow,Police,30495,16702,2553,1584,1295,2797,937,620,3150
M,48,Patna,Mechanic,30587,10568,1345,2224,1136,3512,886,815,4432
M,36,Chennai,Production Engineer,43317,25984,1373,4441,878,3858,670,734,3668
M,56,Kolkata,Lawyer,50904,14959,5207,1871,1566,2944,852,1221,4368
F,37,Mumbai,Police,35583,18815,2398,6508,1370,2283,829,747,2018
M,40,Chennai,Architect,80795,22719,1191,4514,978,3799,735,896,3547
M,60,Delhi,Pharmacist,35930,16872,1451,4040,1853,4400,854,952,3899
M,42,Kochi,Production Engineer,38606,18486,4705,2299,2286,3124,625,359,4783
M,39,Kochi,Business,46296,14130,4385,2129,1896,3385,778,346,1259
F,50,Hyderabad,Pharmacist,35689,18382,4815,2519,1797,3004,1003,1015,3122
M,45,Bangalore,Lawyer,40600,18461,1096,3740,1353,3782,1041,860,3726
F,55,Bangalore,Plumber,29808,12593,1561,4200,1407,3042,1335,787,3644
M,52,Bangalore,Architect,56468,29898,1298,3881,1457,3146,1137,806,3965
F,39,Kolkata,Police,30163,14586,4480,1668,1890,2281,929,817,3239
F,29,Lucknow,Doctor,62893,20013,3877,1171,889,2796,734,708,5193
F,24,Patna,Plumber,27400,11102,1201,4073,1103,3387,983,950,4117
F,45,Chennai,Architect,92102,23616,1002,4496,966,3858,667,719,3743
M,30,Mumbai,Business,37658,14487,1984,6768,1340,4927,1097,870,4843
M,32,Kochi,Police,32588,14113,2951,2442,2100,3372,847,765,4508
F,60,Chennai,Software Developer,69056,16308,1186,4587,851,3580,683,800,3655
F,42,Kolkata,Data Analyst,78075,24625,2708,1660,1810,2203,800,1241,3046
F,41,Chennai,Accountant,33016,16790,1079,4497,914,3142,600,898,3782
F,40,Patna,Lawyer,34770,15478,1562,4227,1061,3786,675,804,4464
F,55,Bangalore,Business,58535,28453,1677,4197,1319,3354,1704,805,3501
F,18,Lucknow,Software Developer,34885,14426,4789,1309,1022,2594,906,894,5235
M,53,Kolkata,Production Engineer,32079,15210,5018,1759,2000,2492,993,1079,1780
M,32,Patna,Accountant,39302,17310,1599,4060,1093,3974,995,822,4156
F,44,Kochi,Data Analyst,105443,22389,2338,2369,2233,3366,788,842,1476
M,40,Delhi,Civil Engineer,36918,15648,1438,4082,1836,4482,891,809,5959
M,58,Hyderabad,Police,29977,13028,3196,2057,1716,3255,1400,1112,3262
M,52,Lucknow,Teaching faculty,22765,10154,2199,1425,816,2786,988,653,2033
M,20,Kochi,Production Engineer,32621,14934,2943,2471,2212,3342,681,521,3832
M,21,Kolkata,Police,31699,18415,3337,1999,1646,2556,876,809,2025
M,29,Kochi,Pharmacist,36356,14913,5689,2229,1462,3232,708,925,3425
M,36,Delhi,Mechanic,29936,15598,1295,3233,1746,2706,966,959,2646
M,41,Delhi,Architect,100886,19645,1466,4201,1986,4234,886,833,5690
F,46,Lucknow,Doctor,77272,21503,4427,1898,859,2883,820,629,4523
M,40,Kolkata,Doctor,74629,27924,3228,1725,1958,2020,909,1260,4259
M,42,Lucknow,Architect,97306,11069,4162,1957,911,2742,615,909,4907
F,27,Mumbai,Pharmacist,36242,17456,2346,3334,1438,3605,1153,804,3292
M,33,Mumbai,Data Analyst,74502,47166,2630,6332,1279,4721,918,844,4695
F,48,Hyderabad,Police,36182,14976,4156,2263,1985,3190,922,1018,2953
F,47,Hyderabad,Teaching faculty,35824,18916,2920,2067,1823,3430,1421,1376,3489
M,50,Kochi,Pharmacist,35106,18976,4516,2341,2228,3136,733,856,2298
F,46,Chennai,Business,71289,14037,1420,4535,905,3469,614,825,3821
F,49,Mumbai,Data Analyst,67024,16870,1571,6062,1201,4115,1035,961,4990
F,23,Lucknow,Accountant,28840,12124,3990,1683,1267,2543,846,957,5335
M,26,Patna,Clerk,25903,13871,1218,2069,1302,3243,757,1120,2232
F,36,Delhi,Software Developer,57239,14095,1372,3930,1615,4195,926,994,5930
F,25,Patna,Pharmacist,36563,12588,1402,2684,1430,3120,712,1158,2478
M,31,Patna,Police,26899,10141,1632,4150,1354,3155,752,1169,2466
F,25,Kolkata,Software Developer,55113,16067,3636,1772,1519,2433,856,1054,1837
M,36,Delhi,Accountant,38780,16701,1172,4226,1627,4486,902,1072,2851
M,32,Raipur,Data Analyst,92377,16860,1210,1874,1374,2889,604,847,2428
M,36,Lucknow,Police,33544,17989,2312,1344,1417,2883,823,670,5437
F,22,Hyderabad,Data Analyst,40804,19473,2590,2257,1567,3325,1280,1093,2639
F,47,Mumbai,Teaching faculty,37476,18743,2275,2784,1459,3591,1029,950,3857
F,20,Kochi,Business,39576,23559,4547,2208,1941,3451,592,752,2479
F,57,Lucknow,Civil Engineer,45639,10117,4361,1429,1090,2567,757,885,4801
M,30,Chennai,Doctor,46723,23963,1078,4488,966,3827,608,756,3968
F,20,Bangalore,Civil Engineer,34426,17554,1800,3768,1303,3528,1105,890,3648
M,41,Raipur,Accountant,27847,12945,1074,1836,1334,2653,618,983,2399
M,59,Raipur,Software Developer,52312,13585,1185,1711,1411,2602,699,662,2128
F,41,Bangalore,Lawyer,34100,17464,1403,3956,1290,3452,1339,832,3852
F,26,Patna,Police,27086,12317,1350,2233,1094,3524,816,1121,3269
M,46,Lucknow,Mechanic,29131,14437,3601,1119,1483,2891,833,652,3155
M,57,Patna,Architect,117711,19596,1413,3867,1384,3788,789,1072,4488
M,56,Patna,Doctor,75467,20022,1222,3900,1304,3850,791,915,4297
M,31,Lucknow,Pharmacist,35499,18316,2340,1738,1283,2654,617,871,3125
F,30,Lucknow,Plumber,29939,11141,4632,1642,835,2635,660,879,2258
M,26,Delhi,Architect,116537,25259,1379,4297,1933,3912,987,1032,5816
M,40,Mumbai,Architect,91053,58388,1588,6337,1259,4873,920,618,4973
M,21,Lucknow,Civil Engineer,40834,14056,4712,1533,1122,2782,898,685,4500
F,52,Patna,Lawyer,26155,9076,1225,4489,1450,3230,726,1168,4207
F,52,Lucknow,Clerk,25423,13219,1690,1455,1291,2950,644,625,2256
M,24,Hyderabad,Lawyer,49037,16922,3924,2007,1770,3180,1014,1467,2858
M,24,Chennai,Doctor,57904,29900,1062,4384,910,3667,509,988,3889
F,38,Bangalore,Police,29536,14453,1936,2176,1404,3702,1974,829,2622
F,29,Raipur,Civil Engineer,47448,20937,1371,2322,1231,2529,711,695,2386
M,19,Patna,Mechanic,36390,11344,1573,2181,1339,3455,742,675,3013
F,55,Mumbai,Plumber,29168,16080,1683,2960,1273,2716,1085,856,2503
M,32,Hyderabad,Doctor,26580,9430,2949,2368,1851,3392,1088,1411,2575
M,39,Hyderabad,Data Analyst,59403,19738,2282,2612,1991,3442,1358,1024,2832
F,53,Raipur,Accountant,37592,20293,1203,1976,1221,2921,744,803,2333
M,18,Kochi,Civil Engineer,37994,23303,2307,2014,1692,3442,719,730,1407
F,27,Chennai,Production Engineer,37623,13905,1157,4363,872,3642,544,719,3981
M,53,Raipur,Production Engineer,52763,22719,1138,2216,1153,2622,682,591,2106
M,31,Lucknow,Data Analyst,38418,18853,2623,1457,1131,2723,909,714,3213
M,29,Hyderabad,Accountant,37514,17051,3491,2522,1653,3003,1398,1210,2923
F,49,Delhi,Pharmacist,37873,24111,1125,2256,1843,3874,873,914,2724
F,23,Patna,Doctor,69996,16681,1302,4259,1061,3288,856,1050,4332
M,19,Kolkata,Civil Engineer,44610,21317,5507,1812,1710,2117,834,1037,2141
M,24,Chennai,Mechanic,30243,13781,1103,4443,965,3674,583,978,3690
F,51,Mumbai,Plumber,32899,14149,2921,2700,1473,4684,1030,629,2495
M,51,Kochi,Plumber,29617,13433,2057,2152,2179,3300,735,453,4120
M,26,Raipur,Plumber,23682,12257,1327,2005,1142,2504,744,864,2340
F,49,Chennai,Software Developer,55984,27702,1056,4564,807,3423,510,801,3861
F,60,Raipur,Lawyer,42872,10226,1012,2440,1212,2841,649,852,1925
F,48,Raipur,Clerk,27816,15387,1180,1928,1459,2794,638,545,2414
F,43,Kolkata,Software Developer,44257,20533,4839,1858,1753,2729,835,945,4242
M,43,Chennai,Teaching faculty,43618,15239,1165,4599,904,3910,690,798,3505
F,54,Kochi,Production Engineer,50799,22840,3699,2144,1428,3187,621,557,4246
M,47,Lucknow,Pharmacist,35438,20129,1953,1575,820,2691,770,890,2220
M,45,Lucknow,Clerk,23533,11223,3279,1354,1068,2622,638,665,2040
M,22,Mumbai,Data Analyst,35711,20065,2773,2994,1260,4114,864,712,2811
M,41,Patna,Business,71622,23634,1585,3941,1117,3978,610,728,4320
F,21,Chennai,Plumber,29993,13444,1274,2478,840,3423,515,942,3874
M,24,Mumbai,Accountant,36987,18457,1634,2489,1218,4084,1183,738,2247
M,47,Lucknow,Doctor,44503,10460,1441,1365,938,2936,593,692,4978
M,23,Kochi,Teaching faculty,43152,16438,3527,2041,1310,3429,721,649,4681
F,32,Bangalore,Software Developer,67962,21427,1166,3857,1221,3358,1777,828,3826
M,47,Bangalore,Pharmacist,35987,18477,1822,3700,1304,3482,1857,752,3678
F,44,Chennai,Lawyer,46136,19871,1316,4578,935,3312,654,938,3517
F,44,Kolkata,Architect,60306,12516,3652,1923,1938,2013,925,1478,4587
F,31,Kolkata,Clerk,27094,13262,2381,1689,1846,2186,946,1474,2432
F,38,Patna,Pharmacist,23153,8857,1299,3995,1181,3495,722,825,2190
F,40,Hyderabad,Doctor,56264,32993,3933,2093,1565,3257,1069,1297,2670
M,30,Delhi,Mechanic,30587,14789,1227,3881,1669,3738,949,952,3264
F,27,Patna,Data Analyst,37390,9252,1336,4172,1147,3505,773,737,4406
F,41,Hyderabad,Production Engineer,55360,24884,3918,2217,1855,3450,1295,1161,3079
F,19,Lucknow,Business,56636,23507,1403,1676,893,2990,917,876,4439
M,34,Kochi,Production Engineer,27647,14342,2533,2054,2061,3018,604,960,1062
F,31,Delhi,Plumber,27256,13698,1094,2024,1912,4033,993,1144,2195
M,41,Chennai,Business,74756,16602,1266,4382,831,3624,764,935,3596
M,18,Bangalore,Architect,103343,27648,1594,3853,1473,3487,1899,861,3768
M,24,Kolkata,Production Engineer,48368,20208,5876,1781,1618,2330,959,1438,4399
F,24,Kolkata,Civil Engineer,39910,19396,4233,1993,1534,2834,873,1247,1648
M,37,Chennai,Teaching faculty,35435,16694,1150,2414,907,3140,571,1000,3573
F,29,Lucknow,Pharmacist,37363,19736,4270,1268,817,2581,969,800,2598
M,35,Mumbai,Data Analyst,52129,25481,2855,6859,1453,4077,1135,891,4831
F,24,Raipur,Police,39642,20008,1121,1885,1239,2840,706,957,2202
M,59,Raipur,Teaching faculty,42189,12525,1418,1737,1425,2591,725,960,2420
M,21,Kolkata,Lawyer,34475,21249,1947,1520,1579,2032,918,1307,3377
F,24,Hyderabad,Software Developer,62239,25929,3079,2141,1862,3092,1150,1303,2826
F,24,Mumbai,Accountant,40037,20032,1632,6737,1230,3708,1024,845,2977
M,44,Delhi,Civil Engineer,31975,17189,1000,4235,1720,3180,928,1165,2014
M,52,Chennai,Pharmacist,39124,12861,1152,4493,949,3694,631,943,3777
F,18,Kolkata,Pharmacist,33024,18173,3239,1511,1891,2572,950,1370,2145
M,23,Mumbai,Police,37198,14817,1871,6057,1256,4907,1168,810,4734
F,23,Raipur,Software Developer,48658,14052,1580,2222,1309,2872,754,743,1790
F,37,Kochi,Police,34317,18747,4582,2017,1287,3111,500,484,2430
M,44,Raipur,Production Engineer,61456,22891,1351,1766,1499,2582,636,661,1910
M,31,Bangalore,Architect,65657,34626,1187,3610,1344,3879,1578,758,3635
M,19,Kochi,Lawyer,35715,17530,5858,2263,1827,3282,667,611,1715
M,60,Delhi,Accountant,27289,1879,1056,3991,1610,3789,935,941,2787
M,36,Raipur,Architect,88583,11175,1381,2122,1236,2731,735,663,1753
F,39,Chennai,Plumber,27093,12137,1030,2454,915,3704,657,950,3901
M,20,Kochi,Plumber,27407,15555,2992,2300,1243,3099,651,316,1017
F,19,Patna,Accountant,42002,5700,1447,3861,1388,3854,885,1026,4473
M,44,Patna,Production Engineer,68940,8129,1392,4078,1123,3720,625,1063,4068
F,27,Chennai,Accountant,35584,11937,1358,4379,927,3074,778,999,3654
M,19,Delhi,Architect,73193,28743,1161,3942,1689,4057,802,896,5987
F,38,Mumbai,Teaching faculty,29809,11087,2881,3476,1228,4805,1052,960,3955
F,36,Delhi,Lawyer,31983,14789,1444,4060,1691,3863,858,1044,3698
F,56,Kochi,Civil Engineer,29363,12478,4133,2064,1876,3226,514,467,1990
M,18,Patna,Lawyer,30008,7846,1202,4168,1036,3888,666,1102,4395
F,48,Delhi,Data Analyst,113442,11258,1254,4036,1920,3689,869,1107,5651
M,30,Kochi,Architect,107653,22403,7730,2415,1909,3211,576,940,1227
M,40,Delhi,Mechanic,29123,13799,1024,3983,1607,3521,894,862,2128
F,43,Patna,Accountant,28883,14789,1642,3424,1243,3613,687,896,2203
F,57,Mumbai,Architect,86123,49570,2968,6823,1438,4909,1164,626,4993
F,47,Delhi,Lawyer,40690,21316,1291,3936,1971,4191,804,881,5741
M,48,Hyderabad,Clerk,29310,11478,5134,2338,1838,3472,1100,1314,2589
M,56,Mumbai,Lawyer,34835,14612,2123,6831,1301,3510,1034,662,4559
F,25,Raipur,Doctor,63455,20721,1393,1864,1460,2505,798,978,2057
F,32,Kochi,Civil Engineer,35809,16290,2706,2229,1392,3118,654,569,2579
M,45,Chennai,Architect,116682,12123,1189,4396,962,3692,766,888,3795
F,38,Delhi,Mechanic,30348,13080,1116,4003,1673,4030,890,1131,3698
F,42,Lucknow,Clerk,25836,8149,2036,1356,860,2710,839,903,3256
F,39,Lucknow,Clerk,25756,12485,3692,1215,1091,2844,781,802,2599
F,56,Hyderabad,Lawyer,32589,14895,3735,2439,1561,3067,1327,1108,2585
F,20,Delhi,Software Developer,35794,16236,1473,4033,1901,4316,962,819,5609
M,19,Mumbai,Software Developer,39933,18119,2579,3698,1319,4760,1083,831,2103
F,50,Lucknow,Plumber,25839,13776,2532,1654,1020,2661,505,914,2269
M,45,Delhi,Data Analyst,36262,16805,1106,4174,1738,3983,970,1166,5788
M,25,Patna,Accountant,36077,6553,1228,4329,1260,3074,704,1077,4310
F,19,Mumbai,Civil Engineer,36991,14977,1604,2904,1468,3708,965,685,4648
M,34,Kochi,Data Analyst,47340,21075,1533,2381,2144,3194,806,870,4205
M,54,Kolkata,Doctor,56080,19735,5350,1512,1923,2977,858,902,3349
M,40,Hyderabad,Production Engineer,59130,29308,4143,2493,1598,3489,1244,1371,3113
M,54,Kochi,Data Analyst,99433,17277,5893,2113,1016,3265,835,885,5227
F,42,Mumbai,Mechanic,30633,14838,1818,4673,1318,3112,951,972,2934
F,48,Mumbai,Business,44830,20108,2374,6808,1399,4453,1044,935,2432
M,54,Hyderabad,Police,31002,12915,5503,2781,1798,2912,1171,1136,2249
F,55,Raipur,Police,22612,9389,1105,1935,1187,2684,799,527,1835
F,41,Raipur,Lawyer,38346,9754,1258,2436,1498,2861,685,648,2163
M,50,Kochi,Pharmacist,35806,14756,8342,2196,1317,3284,888,977,3997
F,51,Lucknow,Data Analyst,78693,16235,1682,1905,1300,2996,503,824,4407
M,20,Hyderabad,Doctor,58494,32087,3425,2145,1737,3415,815,1024,3215
F,18,Kochi,Plumber,27147,12112,2772,2277,1913,3372,525,725,2454
M,37,Mumbai,Architect,84570,22729,2452,6647,1472,4179,930,655,4899
M,58,Kochi,Software Developer,63801,17457,5293,2223,2464,3161,505,436,4968
M,51,Hyderabad,Production Engineer,55186,32093,5562,2104,1657,3137,1054,1190,3285
M,48,Raipur,Doctor,46318,18803,1501,1916,1240,2815,671,505,2299
F,37,Patna,Clerk,27363,13620,1324,2452,1371,2166,663,878,2417
M,23,Kolkata,Police,39456,23022,4926,1531,1690,2204,892,976,2933
F,49,Raipur,Accountant,40997,15304,1534,1814,1248,2818,729,702,1907
F,40,Kolkata,Architect,97734,15219,3196,1554,1926,2828,937,1467,3810
M,36,Raipur,Software Developer,67920,10911,1188,1869,1164,2862,727,683,2015
M,19,Patna,Lawyer,47894,20970,1440,4186,1360,3591,614,659,4409
F,59,Lucknow,Mechanic,38543,21748,4462,1807,1149,2505,874,642,5054
F,25,Kolkata,Business,34839,18987,4100,1812,1695,2147,987,1448,3310
F,39,Bangalore,Lawyer,46182,18919,1260,3554,1200,3889,1279,855,3570
F,42,Kochi,Production Engineer,35302,18324,4517,2484,1313,3308,734,726,2736
M,27,Kolkata,Civil Engineer,30619,14014,4951,1877,1883,2334,972,906,3413
F,41,Hyderabad,Lawyer,32145,12000,3363,2796,1940,3107,1188,1124,3465
F,25,Delhi,Plumber,31968,16125,1197,3988,1696,4257,846,873,2863
F,51,Raipur,Architect,74460,9431,1526,2054,1044,2579,799,865,1747
F,18,Bangalore,Architect,36746,15856,1911,3738,1263,3728,1070,791,3585
F,50,Hyderabad,Mechanic,30661,16478,2078,1997,1710,2846,887,1480,2803
M,46,Kochi,Clerk,30373,14435,2516,2185,2385,3320,540,739,2987
M,35,Delhi,Mechanic,320035,15149,1272,3849,1989,4060,832,1146,2808
M,43,Chennai,Business,47701,19420,1385,4386,810,3191,555,799,3959
F,24,Kochi,Architect,89985,19061,2578,2431,1824,3122,796,946,1913
M,44,Raipur,Civil Engineer,30147,17901,1230,2306,1366,2984,652,698,1868
M,27,Kochi,Lawyer,37074,17055,7334,2161,1448,3200,787,858,3202
F,51,Bangalore,Teaching faculty,37397,18535,1800,3734,1277,3751,1098,779,3603
F,22,Raipur,Lawyer,41680,10201,1485,2042,1254,2915,604,981,2126
M,51,Raipur,Pharmacist,32047,17543,1373,1914,1494,2942,635,758,2305
M,37,Mumbai,Lawyer,32293,12835,2349,6222,1348,3671,1015,974,3756
M,29,Kolkata,Production Engineer,46713,22151,2557,1851,1621,2202,906,743,3860
F,43,Bangalore,Doctor,52090,16070,1431,4078,1258,3889,1491,889,3807
F,20,Kolkata,Civil Engineer,38855,19184,2880,1558,1706,2828,940,742,1783
F,44,Lucknow,Civil Engineer,44581,22109,4421,1311,1340,2587,613,959,4939
F,52,Raipur,Plumber,24580,13237,1031,1954,1212,2849,620,728,2266
F,40,Kochi,Architect,90163,50534,1615,2023,2492,3278,795,707,4500
F,43,Kochi,Software Developer,63178,17149,6697,2109,2351,3351,722,320,4085
M,58,Raipur,Software Developer,72138,11019,1109,1928,1091,2883,742,612,2320
F,44,Mumbai,Architect,96599,22349,2778,6457,1315,4418,956,907,4704
M,27,Lucknow,Teaching faculty,42083,19076,4113,1180,1236,2629,678,993,5058
M,41,Kochi,Police,35052,16874,8239,2049,2193,3080,619,443,1046
M,47,Patna,Clerk,29050,14957,1212,4183,1008,3005,632,845,3200
F,36,Patna,Lawyer,34711,14668,1322,4322,1348,3975,845,1197,4377
F,30,Kolkata,Data Analyst,54262,30456,5069,1695,1801,2363,899,1306,2527
M,43,Chennai,Architect,93486,27575,1017,4343,810,3003,667,846,3899
M,30,Kochi,Civil Engineer,33069,16731,4623,2486,1411,3021,727,357,1773
F,56,Hyderabad,Plumber,25193,10000,3440,2576,1541,3001,1000,1207,2289
F,42,Patna,Clerk,27378,5697,1337,4494,1160,3472,938,852,4345
F,33,Delhi,Software Developer,44488,26375,1101,4084,1897,3884,836,913,5000
F,31,Bangalore,Lawyer,35369,15720,1563,3736,1226,3788,1878,760,3987
M,41,Raipur,Production Engineer,59885,15499,1519,2470,1141,2896,784,657,2004
F,44,Lucknow,Teaching faculty,27226,12030,4403,1816,1071,2684,628,626,3900
F,56,Patna,Pharmacist,35313,21636,1633,2343,1049,2593,795,1200,4054
F,43,Hyderabad,Pharmacist,35998,18565,2690,2410,1997,2230,1310,1167,2713
F,48,Kolkata,Production Engineer,39503,22397,3438,1511,1813,2822,998,1093,2855
F,32,Raipur,Accountant,36409,15612,1528,1859,1132,2736,680,978,1707
M,54,Raipur,Mechanic,28712,17000,1075,1754,1353,2855,686,851,2301
F,47,Kolkata,Civil Engineer,33148,17833,4026,1648,1860,2101,932,1324,2698
F,41,Hyderabad,Business,69666,24285,4923,1942,1794,3414,975,1082,2687
F,49,Bangalore,Clerk,25461,14251,1477,2530,1248,2000,1092,772,2061
F,21,Kochi,Business,49854,22199,6690,2023,1100,3383,632,565,4652
M,43,Bangalore,Business,33862,12590,1724,3885,1435,3969,1046,821,3775
M,29,Patna,Business,69148,11105,1261,4477,1266,3031,790,783,4390
M,57,Raipur,Business,36141,14306,1302,2459,1209,2836,639,984,2196
M,42,Lucknow,Production Engineer,44431,9329,4083,1381,821,2759,934,947,5292
M,40,Kolkata,Clerk,26466,12502,2951,1682,1289,2144,918,1212,3525
M,37,Raipur,Teaching faculty,32677,20612,1227,2368,1190,2634,604,569,1722
M,56,Mumbai,Data Analyst,48215,25072,1962,6717,1313,3770,874,981,4517
M,40,Kochi,Doctor,79511,17197,7916,2174,2371,3080,587,378,3844
F,38,Patna,Police,25021,10762,1377,3847,1366,3189,759,697,2458
F,55,Chennai,Business,41757,22000,1242,4382,960,3239,739,923,3774
M,18,Bangalore,Plumber,25394,10000,1648,2145,1284,3585,800,867,3994
M,36,Patna,Clerk,22000,8479,1614,2297,1481,3571,779,1083,2547
F,41,Bangalore,Accountant,41990,21398,1441,3525,1441,3161,1767,752,3689
M,40,Chennai,Lawyer,34452,14396,1335,4311,942,3295,621,765,3694
M,40,Bangalore,Civil Engineer,42847,15514,1527,4132,1474,3509,1667,858,3534
F,52,Chennai,Architect,104559,21165,1058,4576,962,3979,560,877,3831
M,44,Hyderabad,Lawyer,27895,10764,3000,2087,1511,3180,1230,1068,3472
F,23,Hyderabad,Accountant,42502,20140,2549,2494,1691,3202,1084,1157,2847
F,25,Kochi,Software Developer,48161,21368,1810,2303,2233,3212,595,879,1166
F,32,Patna,Civil Engineer,46983,20334,1427,4334,1227,3779,715,1191,4396
M,38,Patna,Clerk,22858,8000,1509,2096,1445,3594,838,1142,3257
F,37,Hyderabad,Business,46708,16306,3658,2447,1580,3196,1277,1369,3395
F,40,Raipur,Mechanic,27464,17371,1079,1825,783,1975,726,984,2438
F,46,Hyderabad,Plumber,27349,14746,2721,1636,1543,1147,962,1437,2570
M,27,Chennai,Doctor,42316,15772,1285,4470,828,3378,608,945,3678
F,39,Delhi,Civil Engineer,15405,25628,1402,3945,1667,3856,830,1075,5850
F,29,Chennai,Pharmacist,22730,22989,1350,4546,970,3966,628,986,3571
M,28,Bangalore,Police,39760,22424,1040,3656,1399,3967,1060,822,3580
F,39,Hyderabad,Plumber,21917,18549,3552,2238,1807,3476,1061,1099,3356
M,51,Chennai,Production Engineer,61461,25532,1325,4456,849,3036,751,863,3730
M,31,Bangalore,Business,40952,31914,1258,3679,1424,3942,1228,857,3726
M,31,Hyderabad,Lawyer,45129,33784,3681,1947,1722,3260,1240,1022,2953
F,38,Mumbai,Data Analyst,44686,27084,2484,6660,1323,3963,926,741,4643
F,35,Patna,Software Developer,78119,8157,1692,4476,1113,3984,844,1115,4305
F,21,Kochi,Mechanic,18864,19488,3953,2256,1274,3270,814,990,1756
M,55,Lucknow,Data Analyst,87181,16161,3287,1454,1008,2901,510,610,4996
F,56,Delhi,Plumber,16723,18641,1257,4096,1608,4416,958,1123,5845
F,31,Hyderabad,Lawyer,42517,18144,5395,2448,1604,3311,882,1313,3329
F,39,Kochi,Teaching faculty,22199,15138,2789,2352,2345,3059,887,795,4877
M,35,Kochi,Civil Engineer,23473,18631,4038,2086,1895,3153,524,500,5037
M,28,Patna,Software Developer,66679,21620,1643,4113,1413,3988,801,764,4044
M,33,Kolkata,Accountant,40973,12277,5687,1855,1578,2813,893,892,4562
M,50,Bangalore,Teaching faculty,38440,28041,1398,3530,1423,3746,1096,848,3586
F,24,Patna,Production Engineer,30878,19030,1301,3993,1189,3558,942,1145,4461
F,22,Bangalore,Accountant,44568,17543,1799,3626,1413,3381,1635,808,3945
M,41,Delhi,Mechanic,15594,13710,1138,4045,1915,4232,908,1143,5959
F,38,Kochi,Data Analyst,86066,26563,4229,2406,2118,3466,656,506,5304
F,29,Patna,Accountant,29681,16091,1524,4474,1413,3425,933,726,4229
M,46,Kolkata,Mechanic,14920,7860,1286,637,741,1618,825,954,1188
M,54,Delhi,Civil Engineer,35358,14558,1313,3906,1692,3671,808,842,5742
F,21,Kochi,Software Developer,40520,19721,7431,2336,2052,3384,875,507,3468
F,34,Kochi,Software Developer,42118,25442,4206,2044,2324,3091,568,807,2220
M,58,Chennai,Business,32261,13355,1267,4489,884,3022,506,768,2737
M,35,Kolkata,Mechanic,18979,9118,2471,788,936,2391,868,813,1922
M,19,Hyderabad,Accountant,30941,21099,1433,1595,1507,1041,917,1394,2002
F,20,Hyderabad,Architect,62618,21006,5428,2037,1778,3107,813,1461,2719
M,21,Raipur,Business,33839,9174,1016,1830,1081,2546,697,840,2421
F,25,Kolkata,Pharmacist,28822,18685,1783,1177,1187,2143,893,750,2152
M,55,Patna,Production Engineer,46567,11512,1557,3930,1261,3321,809,1136,4135
F,22,Lucknow,Doctor,55229,22102,3205,1747,1165,2901,801,748,4190
M,49,Lucknow,Clerk,25271,9861,4413,1614,1417,2515,676,729,4722
M,54,Bangalore,Teaching faculty,29254,14499,1862,3521,1236,3213,1577,778,3711
M,20,Bangalore,Plumber,18635,11000,1711,1100,1493,1747,1531,888,1913
M,45,Chennai,Clerk,25562,9718,1284,4545,929,3305,555,720,3652
M,18,Hyderabad,Production Engineer,50197,12309,3019,2335,1840,3286,1291,1077,2780
F,42,Kochi,Data Analyst,76916,25436,1526,2220,2155,3083,760,653,4620
M,38,Mumbai,Police,44939,22400,2039,6781,1212,4830,820,994,4785
M,54,Kolkata,Software Developer,79477,26437,2180,1975,1940,2808,858,1073,4211
M,44,Mumbai,Mechanic,19025,8727,2405,2082,1315,4592,1169,793,2764
M,47,Lucknow,Data Analyst,102343,11653,4546,1010,984,2882,756,889,5000
F,43,Raipur,Teaching faculty,25554,12712,1547,1868,1454,2888,630,659,2498
M,54,Kochi,Data Analyst,86928,31133,6154,2462,1754,3085,2863,2389,4105
M,22,Kochi,Lawyer,26816,21642,2207,2252,1865,1261,524,753,2042
F,57,Mumbai,Police,52126,30854,2209,6353,1317,4890,1000,654,4665
M,47,Lucknow,Lawyer,33504,11538,4588,1814,1379,2907,905,749,4527
M,22,Patna,Police,37301,13705,1572,4270,1204,3599,715,814,4409
F,41,Raipur,Mechanic,23889,11441,1358,2367,1023,2834,601,535,1985
M,28,Hyderabad,Architect,77308,33559,5715,2171,1821,3012,829,1396,2580
M,34,Bangalore,Business,49419,29043,1319,3827,1455,3598,1789,895,3712
F,47,Mumbai,Data Analyst,118739,50010,7526,6292,4253,4886,1021,3772,4935
F,23,Patna,Police,37365,17575,1527,4331,1018,3393,889,1039,4012
M,32,Delhi,Plumber,16228,6237,1299,896,1640,3621,856,906,2611
F,43,Lucknow,Lawyer,26277,9365,4106,1401,1069,2896,532,923,5269
M,50,Chennai,Mechanic,23392,15069,1404,2437,941,1019,762,910,1757
F,53,Bangalore,Accountant,35654,22884,1952,2723,1310,3412,1040,900,1960
M,24,Patna,Pharmacist,16798,10851,1591,445,1177,1781,655,1182,2476
F,23,Kolkata,Police,33235,16685,1546,1664,1876,2256,859,741,4033
M,33,Delhi,Pharmacist,18028,11527,1236,1274,1661,2236,972,807,2771
F,48,Kochi,Plumber,22947,11761,2929,2301,1353,1267,900,393,1184
F,38,Kolkata,Police,37710,24113,2195,1880,1595,2971,904,958,2961
M,48,Delhi,Clerk,23528,14895,1004,1145,1690,3840,987,1075,2706
F,51,Patna,Lawyer,28941,11074,1222,4397,1041,3687,782,1075,4195
F,29,Delhi,Lawyer,51458,12748,1359,4145,1753,3737,817,1154,5782
F,29,Kochi,Teaching faculty,41551,24626,8305,2187,1500,3380,537,931,2728
M,38,Hyderabad,Business,72437,18632,4006,2715,1938,3411,1291,1072,3053
F,48,Hyderabad,Data Analyst,72234,24059,5629,2700,1615,3155,1495,1023,2922
F,33,Lucknow,Production Engineer,33502,15771,4013,1886,960,2764,682,751,5471
M,60,Kolkata,Mechanic,33330,22759,1735,1631,1918,2592,911,1341,1960
M,41,Chennai,Doctor,44276,29165,1041,4507,944,3249,574,788,3813
F,31,Raipur,Police,37474,19662,1337,2375,1457,2873,615,948,2378
M,40,Raipur,Software Developer,70506,36348,1150,2058,1475,2618,722,671,2014
F,18,Lucknow,Data Analyst,82404,34757,1615,1331,1392,2747,530,824,5470
M,42,Chennai,Architect,54183,25735,1433,4359,826,3065,561,832,3592
F,41,Lucknow,Mechanic,27190,16080,901,1757,805,2599,997,737,2963
M,42,Hyderabad,Clerk,22881,13137,2483,832,1537,3301,1197,1180,2589
F,19,Patna,Civil Engineer,33308,17349,1344,4209,1384,3461,605,705,4232
M,25,Patna,Teaching faculty,31220,15173,1589,3911,1100,3340,636,924,4330
F,26,Chennai,Production Engineer,28947,12178,1484,4407,860,3967,547,824,3667
F,47,Chennai,Civil Engineer,40967,22587,1455,4514,880,3414,655,833,3749
M,30,Delhi,Architect,68081,24247,1065,4205,1610,4481,905,1118,5853
M,21,Mumbai,Plumber,18294,12903,1708,965,1450,2243,1196,798,1099
F,22,Delhi,Clerk,25684,12130,1496,2075,1842,3918,994,975,1693
F,33,Patna,Police,24188,8939,1466,4086,1428,3021,930,1197,2316
M,42,Lucknow,Police,24984,18007,1818,712,973,2699,821,801,1897
F,55,Mumbai,Doctor,49139,23601,1850,6893,1462,4718,1078,743,4554
M,60,Raipur,Accountant,41962,22680,1549,1916,1182,2729,782,946,2374
F,44,Kochi,Doctor,67622,31690,2306,2117,1429,3228,802,512,4098
M,18,Chennai,Data Analyst,59629,23539,1471,4426,998,3489,557,882,3732
F,52,Hyderabad,Architect,74467,34250,4794,1979,1656,3498,976,1273,2912
F,48,Delhi,Data Analyst,96551,42000,1371,3992,1980,3754,951,1179,5889
M,33,Patna,Production Engineer,46620,24863,1661,4442,1243,3571,713,830,4200
F,56,Lucknow,Pharmacist,28795,17369,1738,1424,1193,2632,781,913,1790
F,56,Raipur,Doctor,52553,18010,1369,2495,1255,2523,752,768,2016
M,40,Raipur,Business,76494,21110,1079,2334,1395,2974,655,920,2382
F,44,Mumbai,Production Engineer,54316,35484,2836,6978,1239,4723,1022,613,4822
M,48,Bangalore,Accountant,44538,25428,1283,4124,1493,3840,1110,854,3884
M,41,Bangalore,Business,61097,31109,1351,3780,1215,3804,1242,811,3906
M,54,Bangalore,Architect,43247,14327,1476,4047,1235,3906,1740,800,3661
F,33,Patna,Plumber,23228,15916,1645,1161,1083,1377,637,1125,2010
F,54,Patna,Data Analyst,38862,17553,1262,4086,1186,3259,950,771,4171
M,32,Hyderabad,Civil Engineer,40081,27076,2497,2129,1923,3080,1237,1468,3026
M,48,Lucknow,Lawyer,31607,18179,1199,1588,1334,2589,536,987,4382
M,51,Delhi,Clerk,29348,14326,1314,4087,1921,4021,920,1096,2624
M,27,Chennai,Police,33982,21263,1486,2515,899,3727,637,948,1983
M,35,Mumbai,Plumber,22522,13446,1779,634,1361,1697,813,995,1783
F,53,Bangalore,Doctor,65524,19295,1978,3705,1289,3880,1349,855,3701
F,46,Delhi,Mechanic,28537,17253,1222,984,1876,2413,808,938,1854
F,46,Hyderabad,Production Engineer,69528,24301,2662,2049,1718,3359,1131,1407,3466
F,42,Delhi,Data Analyst,60949,28476,1258,3863,1642,4474,888,1029,5616
F,54,Chennai,Business,47728,28087,1484,4536,838,3210,648,761,3756
M,46,Lucknow,Business,79754,33313,3275,1936,1291,2544,871,708,4854
F,42,Delhi,Lawyer,50259,13849,1414,4121,1630,4360,876,1004,5752
M,57,Hyderabad,Doctor,55072,18816,5019,1913,1874,3409,913,1293,2922
M,58,Mumbai,Data Analyst,70030,38737,1564,6337,1313,3633,1087,934,4861
M,40,Raipur,Plumber,18635,10815,1207,1306,1145,1206,689,512,1474
M,24,Kolkata,Data Analyst,35871,19300,4434,1845,1785,2959,961,971,4181
F,28,Chennai,Lawyer,51025,33264,1103,4584,895,3182,782,752,3845
F,30,Patna,Pharmacist,22590,11825,1298,3915,1448,3000,783,752,4111
F,43,Kolkata,Data Analyst,97585,41336,3872,1922,1757,2277,3916,1199,3708
F,33,Patna,Lawyer,36839,18871,1439,4032,1404,3297,791,1076,4114
F,59,Lucknow,Civil Engineer,30821,12274,2191,1753,1239,2625,782,732,4088
M,52,Mumbai,Business,42807,32051,2200,1211,1264,1349,1106,777,2361
F,57,Hyderabad,Police,38559,22209,2147,2255,1718,3416,1013,1334,2994
M,33,Bangalore,Civil Engineer,43885,22134,1991,3925,1376,3346,1348,766,3885
M,33,Bangalore,Civil Engineer,42290,28852,1190,2116,1404,3071,1632,898,3027
F,56,Mumbai,Clerk,31011,12697,2012,6765,1480,3898,1174,742,4688
M,48,Lucknow,Lawyer,32406,14437,3871,1383,987,2607,604,617,4976
M,51,Hyderabad,Business,49746,24509,5529,2768,1772,3458,1322,1451,3058
M,54,Delhi,Lawyer,44587,26736,1043,4295,1605,3898,829,897,5848
M,54,Mumbai,Clerk,48840,23542,2333,6672,1370,4578,1032,797,4717
F,44,Patna,Plumber,19980,8569,1441,1037,1185,3643,663,1102,2162
M,58,Chennai,Mechanic,43103,25403,1020,4347,827,3004,537,801,3664
M,51,Kolkata,Mechanic,21967,16359,1231,621,850,1245,899,1161,1238
M,41,Kolkata,Civil Engineer,38678,26076,2541,1664,1678,2278,949,1132,2256
F,48,Raipur,Software Developer,68520,32357,1520,2492,1402,2545,678,712,1905
M,29,Raipur,Accountant,40149,19134,1196,2350,1160,2524,708,704,2022
F,60,Raipur,Accountant,35144,16358,1009,2437,1069,2938,797,775,1841
M,55,Chennai,Software Developer,70551,32744,1413,4353,955,3066,636,866,3546
M,48,Kolkata,Police,31599,21535,1284,1568,1766,1603,927,895,1779
F,51,Bangalore,Mechanic,24541,13753,1469,831,1345,2446,1484,871,2695
F,54,Kolkata,Production Engineer,56095,31759,4046,1502,1866,2790,998,1489,3692
F,49,Lucknow,Plumber,18162,11979,1075,1687,1009,2892,688,635,5498
M,19,Bangalore,Business,56278,18242,1056,3665,1408,3470,1552,773,3736
M,51,Kochi,Civil Engineer,37144,24241,3761,2445,1328,2863,645,515,1070
M,21,Raipur,Doctor,31464,17652,1168,2251,1416,2893,743,794,2050
M,23,Hyderabad,Civil Engineer,38170,18952,5085,2759,1717,3263,971,1212,3102
F,25,Hyderabad,Accountant,37957,21456,2351,2729,1717,3410,1145,1176,3301
M,33,Raipur,Architect,106113,43732,7523,5850,1472,2637,3774,5660,2310
F,45,Mumbai,Police,41462,22717,1916,6490,1399,4505,811,735,4699
M,35,Mumbai,Software Developer,53905,23424,2615,6562,1336,4068,831,885,4578
F,59,Delhi,Production Engineer,37113,21400,1144,3848,1904,3739,861,998,2808
F,32,Chennai,Plumber,19196,14469,1315,252,964,1019,620,768,1089
F,60,Mumbai,Civil Engineer,45305,26743,2446,2486,1276,3930,1085,964,4597
M,32,Raipur,Accountant,35875,15730,1440,1797,1320,2628,703,805,1702
M,58,Delhi,Lawyer,35026,22243,1491,1242,1671,2472,902,933,2686
F,43,Raipur,Lawyer,34995,20410,1370,2130,1183,2916,696,760,2430
M,47,Lucknow,Teaching faculty,22370,8562,4982,1186,836,2695,602,647,4765
F,22,Patna,Data Analyst,101086,41832,1229,4353,9084,3089,6451,1133,4130
M,27,Delhi,Software Developer,33589,13700,1127,4215,1976,4438,995,1040,5809
F,26,Kochi,Lawyer,35130,17721,3090,2164,1726,3164,774,315,4099
F,30,Mumbai,Pharmacist,27032,20209,2783,1171,710,2289,970,739,1998
F,55,Raipur,Lawyer,29335,15131,1537,1746,1033,2739,776,853,2390
M,20,Raipur,Software Developer,61316,10676,1535,4853,1494,2651,3792,3954,2388
F,53,Chennai,Architect,108188,37353,9355,2335,4981,3503,640,1000,3905
F,25,Kolkata,Teaching faculty,31420,17325,2193,1602,1718,2906,830,744,4053
M,40,Mumbai,Accountant,42495,24497,2279,6700,1500,4413,1021,703,4906
F,49,Kochi,Software Developer,60053,26213,3398,2442,1003,3358,804,717,3447
F,29,Chennai,Civil Engineer,35707,23342,1014,2307,930,3114,519,982,1762
F,45,Kolkata,Pharmacist,33522,23363,2361,1599,1830,1770,895,1137,1990
F,48,Mumbai,Pharmacist,26288,17256,2545,808,1417,881,881,733,1565
F,26,Mumbai,Pharmacist,24274,13267,1968,1319,1458,1625,982,813,2850
M,56,Lucknow,Civil Engineer,45802,24361,3959,1758,1207,2704,603,679,4600
F,44,Delhi,Police,38441,17897,1375,4220,1788,4029,943,958,5988
F,51,Delhi,Architect,39722,21688,1374,3812,1904,4135,908,1189,5952
M,22,Patna,Mechanic,18002,9043,1207,205,1064,3815,810,958,1204
F,49,Kochi,Business,69169,17573,5882,2276,2205,3020,766,398,5470
F,42,Mumbai,Pharmacist,36862,19234,2489,2088,1446,3550,1187,876,4960
M,26,Hyderabad,Police,38996,23388,3370,2527,1732,3485,934,1373,2011
M,31,Patna,Architect,63229,25432,1344,4286,1278,3688,741,752,4390
M,59,Kochi,Production Engineer,42729,14005,2334,2259,1799,3375,804,624,2005
F,60,Kolkata,Plumber,28959,14982,2933,1903,1688,2602,832,1048,3677
M,50,Chennai,Doctor,34730,25040,1185,2298,873,1995,678,732,2211
M,48,Chennai,Civil Engineer,43483,10257,1458,4384,900,3596,624,916,3572
M,50,Kolkata,Architect,100872,58727,4430,1750,1549,2440,942,1360,2046
M,28,Patna,Architect,101626,39222,9321,3898,6193,3865,811,956,4244
F,43,Kolkata,Production Engineer,30416,18482,1837,1643,1504,2646,843,1477,1706
F,51,Kochi,Civil Engineer,38175,23831,4139,2264,1064,3070,589,596,2155
F,22,Delhi,Teaching faculty,24840,12122,1287,1137,1923,4232,988,956,1044
F,44,Mumbai,Mechanic,27169,12983,2716,2749,1212,4415,1193,977,1986
M,47,Hyderabad,Clerk,26045,15855,2346,908,1939,1496,1235,1057,1091
M,55,Lucknow,Police,43985,18539,4424,1647,986,2916,919,618,5402
M,56,Kolkata,Doctor,62374,21035,4891,1950,1504,2752,913,888,2406
F,35,Kochi,Data Analyst,71168,16345,2123,2362,2190,3114,720,829,4336
M,49,Patna,Business,56169,14841,1245,4305,1382,3891,893,972,4016
F,24,Raipur,Teaching faculty,40219,13661,1313,2389,1275,2515,666,743,1751
M,33,Kolkata,Doctor,55583,23846,4667,1555,1635,2249,935,972,3514
F,19,Patna,Production Engineer,38030,10217,1218,4411,1043,3846,829,1036,4118
F,56,Mumbai,Pharmacist,35072,22788,2606,1903,1493,2321,992,905,1783
F,54,Mumbai,Civil Engineer,39510,26106,1800,6121,1457,2396,964,958,2523
M,29,Lucknow,Accountant,35569,13629,2115,1505,1101,2972,722,972,4112
F,45,Mumbai,Software Developer,48638,28020,2135,6590,1216,4321,1062,631,4687
M,33,Mumbai,Doctor,39429,22734,2364,6430,1473,3679,1163,647,4866
M,32,Lucknow,Accountant,32285,11159,3284,1932,894,2864,817,858,4008
F,59,Patna,Data Analyst,44465,22049,1355,4199,1241,3439,684,678,4134
F,18,Bangalore,Plumber,26181,14119,1048,959,1271,3996,1517,899,1737
F,55,Raipur,Teaching faculty,29053,21591,1473,923,1136,2590,764,1000,1702
M,20,Kochi,Clerk,21804,12712,2340,2101,1400,3070,723,951,1834
F,19,Raipur,Software Developer,63344,32455,1051,2499,1271,2669,696,752,1933
M,35,Kochi,Accountant,28764,14482,2306,2379,1284,3353,770,367,2678
F,36,Mumbai,Doctor,79622,36677,2480,6871,1271,4940,989,961,4883
F,45,Delhi,Plumber,31526,17431,1446,4166,1653,3732,930,974,5917
M,34,Bangalore,Software Developer,38272,22352,3114,3732,1272,3731,1356,875,995
M,33,Chennai,Production Engineer,37423,14885,1474,4348,876,3843,501,812,3502
F,50,Delhi,Data Analyst,99646,38385,1181,4177,1745,4350,2888,2855,5725
F,43,Chennai,Architect,55698,27095,1231,4387,997,3727,705,950,3786
F,28,Raipur,Data Analyst,85377,37479,4554,6811,1318,2772,2754,977,2486
M,58,Lucknow,Doctor,43354,12048,1368,1003,1082,2706,704,657,5213
M,60,Lucknow,Mechanic,32047,14768,2821,1961,1300,2712,770,774,5007
M,47,Bangalore,Police,41755,17242,1430,4128,1366,3166,1981,811,3696
M,36,Chennai,Police,34857,22890,1093,1575,870,3969,623,794,3834
F,55,Bangalore,Software Developer,42845,15056,1562,3982,1218,3332,1808,813,3596
M,33,Bangalore,Teaching faculty,39157,22449,1360,3862,1388,3672,1415,803,3654
F,36,Chennai,Doctor,50551,26064,1214,4470,910,3001,755,937,3836
F,25,Patna,Civil Engineer,35876,5714,1473,3911,1260,3843,951,746,4358
F,23,Patna,Clerk,17432,2233,1548,1218,1131,3578,658,1085,1499
F,32,Lucknow,Architect,66579,13089,2399,1791,1095,2802,722,701,4215
M,29,Raipur,Business,71819,35036,1577,1718,1480,2884,1719,3597,2348
M,26,Raipur,Mechanic,18762,9116,1280,886,1395,2848,658,743,1454
F,58,Kolkata,Police,40032,24284,4837,1997,1583,2660,889,722,3685
F,36,Raipur,Mechanic,24821,12147,1212,2077,1335,2778,729,605,2156
F,53,Raipur,Police,26686,13786,1329,2095,1390,2894,665,778,2073
F,60,Kolkata,Teaching faculty,36074,22815,2251,1942,1598,2063,810,1168,4256
M,56,Lucknow,Civil Engineer,40373,9659,2831,1829,1259,2926,936,799,4208
M,34,Lucknow,Mechanic,20554,13364,1023,1589,823,1284,921,760,1651
M,19,Raipur,Production Engineer,25924,13308,1171,2145,1099,2705,764,922,1903
M,19,Hyderabad,Business,37392,18803,4058,2636,1778,3210,1332,1382,3339
M,53,Lucknow,Teaching faculty,38560,16185,1683,1212,1357,2523,992,751,4031
F,41,Chennai,Teaching faculty,40885,12727,1284,4324,975,3666,704,839,3801
M,40,Kochi,Production Engineer,41383,21501,7830,2000,2050,3325,728,429,3015
F,24,Chennai,Business,75878,41256,1227,4348,870,3725,707,712,3720
M,50,Hyderabad,Doctor,46377,24176,2425,2467,1772,3328,1017,1203,2565
M,38,Chennai,Software Developer,56410,22849,1466,4495,984,3910,593,892,3878
F,47,Hyderabad,Teaching faculty,43430,26282,2620,2471,1760,3148,1215,1215,3474
F,18,Patna,Doctor,55432,21382,1665,4419,1329,3527,953,696,4115
M,49,Lucknow,Data Analyst,82134,43629,1266,1541,1426,2702,941,949,4318
F,42,Bangalore,Production Engineer,46974,21530,1006,3728,1337,3757,1320,802,3920
F,59,Kochi,Lawyer,44807,19005,5367,2480,2178,3124,723,843,1834
M,43,Delhi,Production Engineer,31517,16203,1246,2043,1808,4196,835,958,2938
M,42,Bangalore,Software Developer,69237,19494,1820,3601,1224,3137,1322,829,3731
M,28,Patna,Plumber,19036,11366,1617,857,1277,2153,678,937,2084
F,39,Mumbai,Police,33882,12873,1803,6495,1338,3562,1176,802,4519
M,44,Bangalore,Police,38349,22188,1558,3655,1408,3843,1192,855,1959
M,32,Raipur,Civil Engineer,45115,21144,1007,2112,1398,2859,787,538,1945
F,32,Hyderabad,Teaching faculty,26838,15942,2846,2288,1604,1028,927,1328,1086
F,55,Delhi,Clerk,26811,14027,1157,2088,1792,3996,938,939,2622
M,27,Kochi,Software Developer,71175,25151,7168,2329,2441,3323,871,444,3044
F,46,Hyderabad,Data Analyst,38141,16497,2493,2260,1939,3275,1090,1346,2519
F,57,Chennai,Plumber,15190,6790,1054,394,830,729,712,860,1564
M,35,Patna,Teaching faculty,30416,19372,1311,276,1269,3868,653,708,1231
M,40,Raipur,Doctor,33273,10316,1122,2114,1467,2704,703,998,2348
M,60,Kochi,Clerk,21237,12807,2117,2255,1461,1277,623,565,2041
M,49,Lucknow,Lawyer,30971,19186,1254,1539,1072,2629,922,972,4058
M,52,Chennai,Business,32967,20168,1135,4305,859,3277,604,834,3869
M,46,Kolkata,Data Analyst,114283,21504,1731,1873,1695,2006,892,1367,1509
M,56,Kochi,Accountant,42137,23919,3868,2330,1546,3201,545,900,3748
F,58,Patna,Doctor,63067,12947,1621,4080,1046,3504,741,1008,4193
M,54,Mumbai,Accountant,44669,22739,2226,6517,1386,4408,888,979,4603
M,18,Patna,Business,72558,42305,1453,4387,1429,3425,869,1157,4174
F,60,Kochi,Mechanic,34520,18563,3126,2003,2172,3347,861,489,3233
M,36,Hyderabad,Pharmacist,43246,27403,2855,2378,1918,3430,1109,1191,3447
F,39,Kochi,Business,41122,19176,2246,2313,2076,3097,764,327,4394
F,37,Lucknow,Business,61969,36381,4956,1650,1197,2504,762,660,5163
F,31,Lucknow,Lawyer,31249,10647,4285,1228,836,2599,663,950,5202
M,32,Raipur,Architect,37462,23197,1264,2427,1270,2621,738,594,2498
M,48,Raipur,Teaching faculty,27638,17962,1076,973,1044,2797,781,980,2496
M,23,Chennai,Accountant,21647,9188,1118,400,858,3191,706,977,3579
F,45,Raipur,Business,50241,14430,1419,2220,1295,2911,694,634,2423
F,28,Raipur,Clerk,23207,12069,1169,2334,1188,2999,661,891,1892
F,18,Bangalore,Software Developer,25725,14724,1499,988,1406,3109,1381,852,1599
M,57,Lucknow,Police,40132,21367,2804,1114,1026,2892,986,684,4587
M,25,Patna,Software Developer,53385,11816,1520,3896,1353,3222,931,752,4192
M,40,Patna,Architect,105111,6035,1542,4096,1054,3067,969,714,4111
F,22,Mumbai,Plumber,22929,13703,2990,578,1432,1532,831,831,1356
F,53,Chennai,Lawyer,35891,18420,1072,4361,885,3553,504,765,3930
F,34,Kochi,Plumber,19951,8157,2090,2043,1449,1388,871,507,5221
F,39,Lucknow,Pharmacist,21631,11223,3062,465,1500,980,949,675,2860
M,28,Patna,Lawyer,33587,17370,1305,3820,1006,3537,754,1094,4419
M,28,Lucknow,Plumber,17261,11649,1241,582,1028,742,527,990,1381
F,58,Raipur,Pharmacist,24542,13083,1039,2449,1078,2734,758,640,2500
F,29,Lucknow,Architect,84524,41370,2852,1137,881,2515,578,927,5177
F,48,Hyderabad,Lawyer,46288,20734,5253,2507,1786,3495,1439,1091,2962
F,49,Chennai,Teaching faculty,28811,21507,1459,1459,842,1619,682,917,1696
M,56,Delhi,Business,40318,25875,1085,3971,1968,4084,997,981,2855
F,56,Patna,Accountant,23878,14664,1655,1050,1048,1566,856,787,2328
M,24,Kochi,Civil Engineer,40867,22601,2914,2345,1297,1018,749,806,4839
M,18,Bangalore,Architect,116726,53634,1432,3860,6211,3686,1084,3785,3871
F,27,Mumbai,Lawyer,33482,22150,2285,1716,1418,4243,887,682,2639
F,46,Bangalore,Mechanic,21956,12641,1187,1824,1289,1766,1890,810,1504
F,53,Raipur,Teaching faculty,39706,13901,1221,2470,1498,2518,726,794,1749
F,28,Raipur,Teaching faculty,32307,16812,1352,2448,1214,2872,737,538,1803
F,42,Raipur,Architect,51289,14952,1190,2500,1322,2905,600,942,1909
F,46,Lucknow,Police,38328,22598,810,1295,1013,2767,602,656,5454
F,38,Delhi,Mechanic,19791,12191,1123,247,1802,1079,972,1190,1836
F,43,Hyderabad,Lawyer,48320,31250,4339,2311,1554,3267,1363,1312,3491
M,39,Raipur,Lawyer,47298,20839,1328,2273,1471,2940,761,856,2242
M,50,Kolkata,Accountant,30733,15894,5573,1537,1956,2196,938,1455,3343
M,31,Mumbai,Mechanic,19366,12323,2639,1207,1284,1621,1058,794,1531
M,29,Chennai,Teaching faculty,23557,14893,1232,2328,827,1539,522,772,1853
M,21,Patna,Doctor,54694,18639,1353,4133,1184,3730,800,666,4195
F,34,Chennai,Teaching faculty,42894,18259,1479,4430,998,3367,771,856,3898
M,40,Mumbai,Plumber,21957,12216,1648,950,1337,2428,862,745,1744
F,29,Bangalore,Teaching faculty,37665,26861,1161,1537,1283,3631,1392,767,1616
F,36,Raipur,Doctor,30793,17093,1076,2107,1262,2626,778,973,1817
M,22,Raipur,Civil Engineer,47078,16252,1379,1752,1290,2810,708,983,2475
F,29,Chennai,Lawyer,48781,26009,1337,4342,806,3776,786,948,3730
M,43,Kolkata,Data Analyst,35120,14492,5833,1586,1576,2547,874,1291,4207
M,42,Raipur,Accountant,26254,14456,1453,2211,1430,2977,667,758,1953
F,34,Raipur,Production Engineer,58805,16808,1380,1969,1235,2609,692,603,1827
F,47,Patna,Civil Engineer,24602,11607,1670,1083,1017,3856,867,834,2447
M,24,Hyderabad,Police,24429,12276,2358,2612,1910,1424,1222,1351,1636
M,38,Kochi,Mechanic,22989,12867,2281,2496,1933,1174,541,625,1845
F,26,Mumbai,Data Analyst,85764,52912,1597,6062,1210,4162,861,842,4724
M,43,Delhi,Data Analyst,41851,27468,1330,3948,1689,2886,982,877,2050
F,31,Hyderabad,Accountant,32313,14782,4629,2193,1839,3340,1438,1391,3251
M,29,Chennai,Doctor,44767,12913,1113,4330,936,3711,697,984,3827
F,27,Kolkata,Architect,84043,15996,3117,1678,1617,2942,842,1141,1891
F,22,Chennai,Mechanic,18479,9695,1327,2332,844,1900,778,721,1822
F,22,Chennai,Doctor,74605,24239,1437,4326,981,3298,539,710,3713
F,40,Patna,Software Developer,69014,16586,1349,3828,1291,3507,971,902,4011
M,55,Patna,Plumber,18456,12663,1335,911,378,1710,859,803,1340
F,56,Patna,Police,28946,6196,1688,4285,1001,3259,882,887,4419
M,32,Chennai,Civil Engineer,43504,20904,1107,4456,802,3031,580,945,3593
F,19,Mumbai,Police,39867,20477,2173,6831,1430,3618,934,858,4741
M,24,Delhi,Doctor,55395,27800,1149,4126,1754,3645,853,1127,5722
M,33,Delhi,Clerk,21960,12209,1479,948,1631,1937,997,1143,1757
F,45,Patna,Business,64949,31668,1426,4220,1346,3150,693,839,4185
M,43,Kolkata,Business,65193,35728,4776,1693,1684,2046,922,1160,1581
F,56,Delhi,Teaching faculty,34876,26687,1117,1228,914,1551,876,1065,1851
M,27,Hyderabad,Mechanic,24296,14615,1549,2645,1844,1031,981,1131,3256
F,20,Patna,Civil Engineer,18098,9458,1285,1024,1018,2284,737,1109,2377
M,18,Raipur,Lawyer,28381,10226,1460,2409,1407,2896,690,794,2103
M,24,Delhi,Data Analyst,96576,16889,4011,4181,1810,4036,3922,1079,5991
M,33,Mumbai,Lawyer,38275,23075,2591,6433,1403,4714,960,786,4654
F,32,Hyderabad,Civil Engineer,44326,25559,5321,2693,1617,3027,1021,1251,3277
F,47,Raipur,Architect,73979,20885,1503,1991,1486,2616,754,632,2065
F,44,Chennai,Data Analyst,82524,18099,1482,4436,994,3310,643,855,3519
M,46,Chennai,Accountant,32994,15013,1150,4449,934,3135,524,951,3853
F,56,Lucknow,Production Engineer,54167,22233,3395,1609,879,2931,989,809,4734
M,49,Bangalore,Police,39309,29671,1326,1577,1351,1085,1909,882,1925
F,43,Raipur,Accountant,44522,15124,1473,2429,1288,2957,644,737,2474
F,20,Bangalore,Police,38687,24164,1573,2913,1465,3949,1609,825,1994
F,54,Kolkata,Business,40980,18573,4261,1960,1834,2588,947,1374,3788
F,25,Raipur,Business,48059,19614,1478,2453,1001,2519,637,857,2106
M,54,Mumbai,Lawyer,35989,26887,2145,1255,1275,2156,833,964,2282
F,28,Kochi,Teaching faculty,38410,19952,7779,2358,1690,3154,536,454,4032
M,47,Patna,Teaching faculty,22819,14823,1439,1422,1414,1551,714,848,2124
M,58,Kolkata,Accountant,16979,10535,2078,941,581,1600,856,1454,1802
F,41,Mumbai,Data Analyst,69858,36261,2171,6926,1322,1636,1146,918,4577
F,41,Hyderabad,Lawyer,31810,15800,2694,2702,1273,3130,863,1080,3412
M,33,Bangalore,Clerk,17884,6200,1338,1298,1345,3354,1726,757,1865
F,21,Bangalore,Lawyer,44898,24485,1737,3997,1263,3669,1174,814,3651
M,21,Lucknow,Clerk,18370,11800,1609,663,548,1171,504,786,1243
F,37,Bangalore,Doctor,42600,26270,1403,4022,1422,3281,1442,860,3536
M,42,Patna,Data Analyst,67785,20706,1439,4439,1365,3099,718,1021,4116
M,42,Raipur,Business,70121,35958,1045,1718,1336,2511,675,709,1854
F,22,Kochi,Architect,117554,39435,6167,2490,1741,3132,3552,4549,5196
F,29,Hyderabad,Plumber,21760,13334,1277,1272,588,1158,1407,1451,1226
F,47,Delhi,Clerk,20805,11866,1068,924,1220,1200,834,965,2050
F,44,Raipur,Architect,65898,15724,1143,2356,1145,2516,650,942,1706
M,27,Delhi,Police,59381,24541,1434,4298,1737,4284,916,1033,5818
M,27,Lucknow,Data Analyst,77286,20507,3976,1791,1352,2795,2935,915,4249
F,55,Chennai,Architect,119227,38234,4398,4538,942,3037,1698,3838,3859
M,26,Bangalore,Data Analyst,107098,45149,4780,4160,7233,3036,1891,4808,4817
